No,,일반시설일련번호,기준년도,시설종류,시설명,전체집행연장,전체집행면적,미집행연장,위치정보,좌표정보(X),좌표정보(Y),지번주소,도로명주소
1,0,1215383,2015,공공하수도중 간선하수관,공공하수도중 간선하수관,0,36472,0,문래동31~신대방동674,37.5131406,126.9003116,서울특별시 영등포구 문래동1가 31,서울특별시 영등포구 문래동1가 경인로88길 9-5
2,1,1125345,2015,노외주차장,주차장,0,841,0,사당동 산32-62,37.484039,126.9651143,서울특별시 동작구 사당동 산 32-83,서울특별시 동작구 솔밭로 83
3,2,1125346,2015,노외주차장,주차장,0,1012,0,대방동 395-1,37.50018041,126.9262796,서울특별시 동작구 대방동 395-1,서울특별시 동작구 상도로 49
4,3,1125347,2015,노외주차장,주차장,0,606,0,신대방동 351-14,37.49874549,126.9274675,서울특별시 동작구 신대방동 351-14,서울특별시 동작구 여의대방로24차길 44
5,4,1125348,2015,노외주차장,주차장,0,985,0,신대방동 607-45,37.48878109,126.9078473,서울특별시 동작구 신대방동 607-45,서울특별시 동작구 신대방11길 32
6,5,1125349,2015,노외주차장,주차장,0,430,0,상도동 179-1,37.5044429,126.940154,서울특별시 동작구 상도동 179-1,서울특별시 동작구 장승배기로10길 16
7,6,1125350,2015,노외주차장,주차장,0,476,0,상도동 299-16,37.49535205,126.9318945,서울특별시 동작구 상도동 299-16,서울특별시 동작구 국사봉12길 11
8,7,1125351,2015,노외주차장,주차장,0,1706,0,상도동 275,37.49678425,126.9356871,서울특별시 동작구 상도동 275,서울특별시 동작구 성대로10길 35
9,8,1125352,2015,노외주차장,주차장,0,2573,0,상도동 244-110,37.49981705,126.935381,서울특별시 동작구 상도동 244-110,서울특별시 동작구 성대로17길 52
10,9,1125353,2015,노외주차장,주차장,0,1323,0,사당동 1046-1,37.47739102,126.977131,서울특별시 동작구 사당동 1046-1,서울특별시 동작구 남부순환로269길 27-9
11,10,1125354,2015,노외주차장,주차장,0,337,0,사당동 316-23,37.48182906,126.9741994,서울특별시 동작구 사당동 316-23,서울특별시 동작구 사당로20나길 26
12,11,1125355,2015,노외주차장,주차장,0,1079,0,상도동 54,37.5031573,126.9515901,서울특별시 동작구 상도1동 442,서울특별시 동작구 상도로41다길 30
13,12,1125356,2015,노외주차장,주차장,0,1402,0,상도동 301-132,37.49330922,126.9336841,서울특별시 동작구 상도동 301-132,서울특별시 동작구 국사봉16길 28
14,13,1125357,2015,노외주차장,문주차장1,0,166,0,사당동 46-3,37.4793051,126.9696895,서울특별시 동작구 사당동 1000,서울특별시 동작구 사당로16자길 43
15,14,1125358,2015,노외주차장,문주차장2,0,166,0,사당동 46-4,37.49328488,126.9770324,서울특별시 동작구 사당동 46-4,서울특별시 동작구 동작대로35차길 8
16,15,1125359,2015,노외주차장,주차장2개소,0,112,0,사당동 산 66,37.4829177,126.9644524,서울특별시 동작구 사당동 236-21,서울특별시 동작구 솔밭로 47
17,16,1184198,2015,교차점광장,광장,0,6404,0,"노량진, 본동",37.51070581,126.9403933,서울특별시 동작구 노량진동 237,서울특별시 동작구 장승배기로24길 3
18,17,1184199,2015,교차점광장,광장,0,108000,0,동작동 86일대,37.4992101,126.9826011,서울특별시 동작구 동작동 산 28-16,서울특별시 동작구 동작대로45나길 55
19,18,1184200,2015,교차점광장,광장,0,16670,0,사당동584일대,37.4896031,126.9629521,서울특별시 동작구 사당동 190-164,서울특별시 동작구 사당로2다길 86
20,19,1184201,2015,교차점광장,광장,0,10800,0,상도동370일대,37.5051869,126.9370904,서울특별시 동작구 상도동 363-135,서울특별시 동작구 등용로 10
21,20,1184202,2015,교차점광장,광장,0,144466,0,노량진320일대,37.51579347,126.9348658,서울특별시 동작구 노량진동 320,서울특별시 동작구 노들로2길 44
22,21,1184203,2015,교차점광장,광장,0,3515,0,노량진역앞일대,37.5126037,126.9411846,서울특별시 동작구 노량진동 56-12,서울특별시 동작구 장승배기로30길 6-5
23,22,1184204,2015,교차점광장,광장,0,31000,0,동작동322일대,37.50650906,126.9745266,서울특별시 동작구 동작동 322,서울특별시 동작구 현충로 174
24,23,1184205,2015,역전광장,광장,0,361,0,노량진동60번지일대,37.5137882,126.9403197,서울특별시 동작구 노량진동 60-14,서울특별시 동작구 노량진로 129
25,24,1184207,2015,근린공원,공원(상도근린),0,0,0,상도동산75번지일대,37.4935875,126.9349543,서울특별시 동작구 상도동 459,서울특별시 동작구 국사봉길 175
26,25,1184208,2015,근린공원,현충,0,0,0,동작동산30-7일대,37.50146406,126.98128,서울특별시 동작구 동작동 산 30-6,서울특별시 동작구 현충로 210
27,27,1184210,2015,근린공원,공원(노량진),0,222409,0,흑석동211-33,37.50660498,126.9545758,서울특별시 동작구 흑석동 211-33,서울특별시 동작구 매봉로4가길 45
28,28,1184213,2015,근린공원,공원(까치산),0,0,0,사당동산32번지일대,37.487551,126.9625048,서울특별시 동작구 사당동 산 32-123,서울특별시 동작구 관악로30길 47-22
29,29,1184216,2015,근린공원,공원(동작주차),0,42220,0,동작동326,37.50316379,126.9780115,서울특별시 동작구 동작동 326,서울특별시 동작구 현충로 220
30,30,1184217,2015,근린공원,공원(삼일),0,36660,0,사당동 산24-17,37.48586042,126.9745423,서울특별시 동작구 사당동 산 24-17,서울특별시 동작구 사당로17길 52
31,31,1184230,2015,근린공원,공원(보라매),0,422317,0,신대방동395,37.4932384,126.9175228,서울특별시 동작구 신대방동 460-18,서울특별시 동작구 여의대방로16길 61
32,32,1184236,2015,근린공원,"공원(노량진, 중앙)",0,14683,0,대방동44-29,37.50914973,126.9337038,서울특별시 동작구 대방동 44-29,서울특별시 동작구 등용로4길 81-20
33,33,1184237,2015,근린공원,"공원(노량진, 생태)",0,18226,0,노량진동252-3,37.51128099,126.9375561,서울특별시 동작구 노량진동 252-3,서울특별시 동작구 노량진로10가길 5-7
34,34,1184238,2015,근린공원,공원(노들),0,1235,0,노량진동119-171,37.51088072,126.9431743,서울특별시 동작구 노량진동 119-171,서울특별시 동작구 장승배기로26길 68-3
35,35,1184245,2015,근린공원,공원,0,0,0,흑석동58-11일대,37.50505087,126.9640924,서울특별시 동작구 흑석동 58-11,서울특별시 동작구 서달로12길 69-11
36,36,1184246,2015,근린공원,공원,0,0,0,흑석동69-163일대,37.50225289,126.963815,서울특별시 동작구 흑석동 69-163,서울특별시 동작구 흑석한강로 27
37,37,1184211,2015,어린이공원,공원(햇님),0,876,0,상도동424,37.49742378,126.9586559,서울특별시 동작구 상도동 424,서울특별시 동작구 상도로55길 47
38,38,1184212,2015,어린이공원,공원(토끼),0,824,0,사당1동1000-13,37.4781005,126.9680418,서울특별시 동작구 사당동 산 44-23,서울특별시 동작구 사당로16길 156-2
39,39,1184214,2015,어린이공원,공원(참새),0,2950,0,대방동414-29,37.49820084,126.9219669,서울특별시 동작구 대방동 414-29,서울특별시 동작구 여의대방로24나길 18
40,40,1184215,2015,어린이공원,공원(제비),0,1814,0,대방동362-11,37.50643369,126.9258873,서울특별시 동작구 대방동 362-11,서울특별시 동작구 대방동길 74
41,41,1184218,2015,어린이공원,공원(은하수),0,4503,0,신대방1동492-222,37.49407403,126.9126791,서울특별시 동작구 신대방동 492-222,서울특별시 동작구 여의대방로 28
42,42,1184219,2015,어린이공원,공원(양지),0,568,0,사당1동316-37,37.47988509,126.9740178,서울특별시 동작구 사당동 316-37,서울특별시 동작구 남부순환로269길 102
43,43,1184220,2015,어린이공원,공원(샛별),0,344,0,사당5동204-16,37.4873443,126.9632957,서울특별시 동작구 사당동 산 32-106,서울특별시 동작구 관악로30길 47-22
44,44,1184221,2015,어린이공원,공원(새싹),0,780,0,사당4동316-33,37.4799641,126.9731582,서울특별시 동작구 사당동 316-42,서울특별시 동작구 사당로20다길 25
45,45,1184222,2015,어린이공원,공원(새벽),0,496,0,상도3동335-141,37.50072448,126.9302005,서울특별시 동작구 상도동 335-141,서울특별시 동작구 상도로13길 7
46,46,1184223,2015,어린이공원,공원(상도4),0,304,0,상도동 264-156일대,37.49771352,126.936304,서울특별시 동작구 상도동 264-156,서울특별시 동작구 성대로 104
47,47,1184224,2015,어린이공원,공원(상도),0,1500,0,상도동172-23,37.5037122,126.9396311,서울특별시 동작구 상도동 181-15,서울특별시 동작구 장승배기로 68
48,48,1184225,2015,어린이공원,공원(상도),0,1514,0,상도동 24-55일대,37.5067787,126.9424867,서울특별시 동작구 노량진동 326,서울특별시 동작구 만양로 19
49,49,1184226,2015,어린이공원,공원(산새),0,813,0,흑석2동293-4,37.50405907,126.9679512,서울특별시 동작구 흑석동 293-4,서울특별시 동작구 현충로12길 101
50,50,1184227,2015,어린이공원,공원(비둘기),0,0,0,상도동 558,36.00385894,129.3466607,경상북도 포항시 남구 상도동 558,경상북도 포항시 남구 형산강북로 195-20
51,52,1184231,2015,어린이공원,공원(별님),0,259,0,상도4동211-415,37.49893189,126.9449665,서울특별시 동작구 상도동 211-415,서울특별시 동작구 양녕로28길 13
52,53,1184232,2015,어린이공원,공원(무궁화),0,0,0,상도동 477,37.49847559,126.9523488,서울특별시 동작구 상도동 477,서울특별시 동작구 상도로37길 66
53,54,1184233,2015,어린이공원,공원(동산),0,594,0,사당4동300-54,37.47950313,126.9697632,서울특별시 동작구 사당동 300-54,서울특별시 동작구 사당로16자길 41
54,55,1184234,2015,어린이공원,공원(늘푸른),0,1503,0,사당5동산32-76,37.48239305,126.9691708,서울특별시 동작구 사당동 산 32-76,서울특별시 동작구 사당로16다길 57
55,56,1184235,2015,어린이공원,공원(노루),0,337,0,사당4동316-23,37.48182906,126.9741994,서울특별시 동작구 사당동 316-23,서울특별시 동작구 사당로20나길 26
56,57,1184239,2015,어린이공원,공원(꿈돌이),0,761,0,사당4동300-26,37.48033887,126.9699838,서울특별시 동작구 사당동 300-26,서울특별시 동작구 사당로16사길 48
57,58,1184240,2015,어린이공원,공원(까치),0,1604,0,사당1동1028-1,37.48048863,126.9797724,서울특별시 동작구 사당동 1028-1,서울특별시 동작구 동작대로9길 35
58,59,1184241,2015,어린이공원,공원 (반달),0,185,0,사당동233-12,37.48351007,126.9679477,서울특별시 동작구 사당동 233-12,서울특별시 동작구 사당로8나길 9
59,60,1184242,2015,어린이공원,공원 (꿈동산),0,531,0,상도동55-170,37.5031401,126.9519907,서울특별시 동작구 상도1동 325-11,서울특별시 동작구 상도로47길 90
60,61,1184243,2015,어린이공원,공원,0,2390,0,사당동171-173번지 일대,37.4885018,126.9721337,서울특별시 동작구 사당동 169-8,서울특별시 동작구 사당로23길 137
61,62,1184244,2015,어린이공원,공원,0,1610,0,사당동41번지 일대,37.49145534,126.9808195,서울특별시 동작구 사당동 41,서울특별시 동작구 동작대로35길 36
62,63,1184247,2015,어린이공원,공원,0,851,0,상도동54-15,37.503921,126.9517502,서울특별시 동작구 상도1동 656-1,서울특별시 동작구 상도로47길 105
63,64,1184248,2015,어린이공원,공원,0,1043,0,노량진동221-31일대,37.5090054,126.9422065,서울특별시 동작구 노량진동 225-57,서울특별시 동작구 장승배기로20길 46-3
64,65,1184249,2015,어린이공원,공원,0,2654,0,동작동58-10일대,37.4937298,126.9779777,서울특별시 동작구 동작동 331,서울특별시 동작구 동작대로39가길 55
65,66,1184250,2015,어린이공원,공원,0,0,0,상도동36-1일대,37.5052719,126.9459914,서울특별시 동작구 상도동 22-86,서울특별시 동작구 상도로31길 83
66,67,1184251,2015,어린이공원,공원,0,2164,0,흑석동54-28일대,37.506638,126.9618125,서울특별시 동작구 흑석동 332,서울특별시 동작구 서달로10길 2
67,68,1184252,2015,어린이공원,공원,0,0,0,흑석동173-15,37.50988512,126.9596367,서울특별시 동작구 흑석동 173-15,서울특별시 동작구 현충로 52
68,69,1184253,2015,묘지공원,공원(현충묘지),0,0,0,상도동7-137번지일대,37.5047569,126.9513156,서울특별시 동작구 상도1동 528-1,서울특별시 동작구 흑석로 6
69,70,1127034,2015,배수시설,수도공급설비,2000,7038,0,상도동 산75-1일대,37.49321735,126.9384067,서울특별시 동작구 상도동 산 75-1,서울특별시 동작구 국사봉1길 235-11
70,71,1127035,2015,배수시설,수도공급설비,277,277,0,상도동274-19,37.49696327,126.9346905,서울특별시 동작구 상도동 274-19,서울특별시 동작구 성대로10길 16
71,72,1127036,2015,배수시설,수도공급설비,592,592,0,상도동274-19,37.49696327,126.9346905,서울특별시 동작구 상도동 274-19,서울특별시 동작구 성대로10길 16
72,73,1127037,2015,배수시설,수도공급설비,30000,19935,0,동작구 본동126-311일대,37.5093844,126.952701,서울특별시 동작구 본동 산 6-13,서울특별시 동작구 매봉로 134
73,74,1127038,2015,배수시설,수도공급설비,1000,1001,0,동작구 사당동 산22-16일대,37.49258041,126.9669001,서울특별시 동작구 사당동 산 22-16,서울특별시 동작구 사당로23길 282
74,75,1127039,2015,변전시설,전기공급설비,0,4668,0,동작구 사당동 산22-16일대,37.49258041,126.9669001,서울특별시 동작구 사당동 산 22-16,서울특별시 동작구 사당로23길 282
75,76,1127040,2015,열원시설,열공급시설,0,12209,0,동작구 흑석동105일대,37.50856741,126.9629645,서울특별시 동작구 흑석동 105,서울특별시 동작구 서달로15길 8-7
76,77,1127041,2015,대규모점포및임시시장,시장,0,3192,0,동작구 흑석동105일대,37.50856741,126.9629645,서울특별시 동작구 흑석동 105,서울특별시 동작구 서달로15길 8-7
77,78,1127042,2015,대규모점포및임시시장,시장,0,1221,0,동작구 사당동 318-8,37.48286376,126.9749851,서울특별시 동작구 사당동 318-8,서울특별시 동작구 사당로 244
78,79,1127043,2015,대규모점포및임시시장,시장,0,2220,0,동작구 사당동 318-8,37.48286376,126.9749851,서울특별시 동작구 사당동 318-8,서울특별시 동작구 사당로 244
79,80,1127044,2015,대규모점포및임시시장,시장,0,3192,0,동작구 상도동213-1일대,37.4968249,126.9427862,서울특별시 동작구 상도동 221-8,서울특별시 동작구 양녕로 167
80,81,1127045,2015,대규모점포및임시시장,시장,0,1635,0,동작구 신대방동361-66,37.49796881,126.9237345,서울특별시 동작구 신대방동 361-66,서울특별시 동작구 여의대방로22길 73
81,82,1127046,2015,대규모점포및임시시장,시장,0,3518,0,동작구 사당동136-1일대,37.48687591,126.9816068,서울특별시 동작구 사당동 136-1,서울특별시 동작구 동작대로 115
82,83,1127047,2015,대규모점포및임시시장,시장,0,3688,0,동작구 사당동1038-37,37.47846186,126.9785156,서울특별시 동작구 사당동 1038-37,서울특별시 동작구 동작대로7길 64
83,84,1127048,2015,농수산물도매시장,시장,0,5100,0,동작구 노량진동16-3일대,37.51408442,126.9378142,서울특별시 동작구 노량진동 16-3,서울특별시 동작구 노들로2길 21
84,85,1127049,2015,농수산물도매시장,시장,0,40178,0,동작구 노량진동13-8일대,37.51532501,126.942059,서울특별시 동작구 노량진동 13-8,서울특별시 동작구 노들로 688
85,86,1236674,2015,초등학교,강남초교,0,23421,0,상도1동 501,37.49532696,126.9554353,서울특별시 동작구 상도동 501,서울특별시 동작구 사당로 10
86,87,1236675,2015,초등학교,남사초교,0,12033,0,사당1동 1011-1,37.48234446,126.9788624,서울특별시 동작구 사당동 1011-1,서울특별시 동작구 동작대로13길 22
87,88,1236676,2015,초등학교,남성초교,0,17775,0,사당동 산27-5,37.4844685,126.9753252,서울특별시 동작구 사당동 324-24,서울특별시 동작구 사당로23길 57-14
88,89,1236677,2015,초등학교,노량진초교,0,12061,0,노량진동 238,37.511281,126.9385357,서울특별시 동작구 노량진동 246-63,서울특별시 동작구 장승배기로27길 26-12
89,90,1236678,2015,초등학교,대림초교,0,8959,0,대방동 391-62,37.5006264,126.9256932,서울특별시 동작구 대방동 391-62,서울특별시 동작구 대방동1길 22
90,91,1236679,2015,초등학교,동작초교,0,11032,0,사당동 산9-1,37.49404496,126.9770104,서울특별시 동작구 사당동 산 9-1,서울특별시 동작구 동작대로29길 214
91,92,1236680,2015,초등학교,문창초교,0,15310,0,신대방동 639,37.4897018,126.9123179,서울특별시 동작구 신대방동 631-1,서울특별시 동작구 신대방2나길 21-2
92,93,1236682,2015,초등학교,상도초교,0,14800,0,상도동 238-1,36.01026355,129.3547589,경상북도 포항시 남구 상도동 238-1,경상북도 포항시 남구 상도로16번길 26
93,94,1236683,2015,초등학교,신길초교,0,12901,0,대방동 산28-1,37.423285,126.7835048,경기도 시흥시 방산동 산 67-2,경기도 시흥시 양우재길 56
94,95,1236684,2015,초등학교,신남성초교,0,12274,0,사당동 199-1,37.48854685,126.9652861,서울특별시 동작구 사당동 199-1,서울특별시 동작구 사당로 146
95,96,1236685,2015,초등학교,신상도초교,0,14350,0,상도동 산65,37.5000468,126.9417581,서울특별시 동작구 상도동 202-6,서울특별시 동작구 양녕로29길 44
96,97,1236687,2015,초등학교,은로초교,0,21658,0,흑석동 245,36.25393365,127.3457841,대전광역시 서구 흑석동 245,대전광역시 서구 조련길 61-41
97,98,1236688,2015,초등학교,흑석초교,0,10827,0,흑석동 7-1,37.50860889,126.9651515,서울특별시 동작구 흑석동 7-1,서울특별시 동작구 현충로 87
98,99,1236689,2015,초등학교,지운초교(미개설),0,5706,0,상도동 134-136,37.4948944,126.950734,서울특별시 동작구 상도동 531,서울특별시 동작구 상도로 346-1
99,100,1236690,2015,초등학교,중대부속초교,0,12868,0,흑석동 233,37.5061297,126.9603504,서울특별시 동작구 흑석동 233,서울특별시 동작구 흑석로 102
100,101,1236691,2015,초등학교,보라매초교,0,7299,0,신대방동 485,37.4955526,126.9142213,서울특별시 동작구 신대방동 492-200,서울특별시 동작구 여의대방로10길 24
101,102,1236692,2015,초등학교,정금초교(삼일초교),0,7042,0,사당동 산18-34,37.4879478,126.9729826,서울특별시 동작구 사당동 164-74,서울특별시 동작구 사당로23길 112
102,103,1236693,2015,중학교,국사봉중학교,0,16722,0,상도동 214-437,37.49392269,126.9450308,서울특별시 동작구 상도동 214-437,서울특별시 동작구 양녕로22길 32-9
103,104,1236694,2015,중학교,남성중학교,0,9157,0,사당동 304-45,37.47883225,126.9723845,서울특별시 동작구 사당동 304-45,서울특별시 동작구 남부순환로269길 166
104,105,1236695,2015,중학교,동작중학교,0,14905,0,동작동 59-1,37.49502161,126.9772724,서울특별시 동작구 동작동 59-1,서울특별시 동작구 동작대로39가길 83
105,106,1236696,2015,중학교,문창중학교,0,9571,0,신대방동 364-58,37.49580305,126.921795,서울특별시 동작구 신대방동 364-58,서울특별시 동작구 여의대방로22나길 40
106,107,1236697,2015,중학교,사당중학교,0,12512,0,사당동 209-16,37.48752759,126.9690137,서울특별시 동작구 사당동 209-16,서울특별시 동작구 사당로9가길 58
107,108,1236698,2015,중학교,상도중학교,0,20010,0,사당동 181-20,37.4903824,126.9615329,서울특별시 동작구 사당동 181-20,서울특별시 동작구 사당로2가길 72
108,109,1236699,2015,중학교,장승중학교,0,10710,0,상도동 175-1,37.50333533,126.9405967,서울특별시 동작구 상도동 175-1,서울특별시 동작구 장승배기로10가길 25
109,110,1236700,2015,중학교,강현중학교,0,15398,0,상도동 335-5,37.50311268,126.9311044,서울특별시 동작구 상도동 335-5,서울특별시 동작구 상도로13라길 22
110,111,1236701,2015,중학교,대방여자중,0,13977,0,신대방동 492-200,37.49515406,126.9137645,서울특별시 동작구 신대방동 492-200,서울특별시 동작구 여의대방로10길 24
111,112,1236702,2015,중학교,상현중학교,0,20000,0,상도동 111-52,37.49414042,126.9612891,서울특별시 동작구 상도동 111-52,서울특별시 동작구 사당로2길 2-19
112,113,1236704,2015,중학교,중대부속남·여중·고교,0,16372,0,흑석동 86,37.50442011,126.9613625,서울특별시 동작구 흑석동 86,서울특별시 동작구 서달로 124
113,114,1236705,2015,중학교,학교,0,0,0,흑석동 60일대,37.50424412,126.9647396,서울특별시 동작구 흑석동 60,서울특별시 동작구 서달로12길 97-6
114,115,1236706,2015,고등학교,"동작고교,행림초교",0,28339,0,사당동 236-4,37.48217181,126.966059,서울특별시 동작구 사당동 236-4,서울특별시 동작구 솔밭로 61-6
115,116,1236707,2015,고등학교,수도여고,0,17388,0,신대방동 470-13,37.49304934,126.9155622,서울특별시 동작구 신대방동 470-13,서울특별시 동작구 여의대방로10길 73
116,117,1236708,2015,고등학교,"영화초,영등포중·고교",0,47390,0,대방동 13-2,37.50823103,126.9336415,서울특별시 동작구 대방동 13-2,서울특별시 동작구 등용로8길 5
117,118,1236709,2015,고등학교,"서울공업고교,강남중교",0,70000,0,대방동 390-5,37.50137659,126.9226228,서울특별시 동작구 대방동 390-5,서울특별시 동작구 대방동1길 46
118,119,1236710,2015,고등학교,경문고교,0,35690,0,동작동 산4-2,37.49308079,126.9816294,서울특별시 동작구 동작동 산 4-2,서울특별시 동작구 동작대로 171
119,120,1236711,2015,고등학교,숭의여자고등학교,0,12000,0,대방동 20-114,37.50801462,126.9291701,서울특별시 동작구 대방동 20-114,서울특별시 동작구 여의대방로36길 79
120,121,1236712,2015,고등학교,성남고등학교,0,96847,0,대방동 375-1,37.50468911,126.9269649,서울특별시 동작구 대방동 375-1,서울특별시 동작구 대방동길 74
121,122,1236713,2015,특수학교,삼성농아원,0,3447,0,상도동 산65-127,37.5000468,126.9417581,서울특별시 동작구 상도동 202-6,서울특별시 동작구 양녕로29길 44
122,123,1236714,2015,대학(교),중앙대학교,0,176369,0,흑석동 221,37.50439667,126.9563901,서울특별시 동작구 흑석동 221,서울특별시 동작구 흑석로 84
123,124,1236715,2015,대학(교),숭실대학교,0,124539,0,상도동 1-1,37.50741924,126.9521405,서울특별시 동작구 상도동 1-1,서울특별시 동작구 매봉로2길 1
124,125,1236716,2015,대학(교),총신대학교,0,42309,0,사당동 200-1,37.48918318,126.9666399,서울특별시 동작구 사당동 200-1,서울특별시 동작구 사당로 143
125,126,1236717,2015,자치단체청사,공공청사,0,8308,0,동작구 노량진동47-2,37.51226793,126.9394288,서울특별시 동작구 노량진동 47-2,서울특별시 동작구 장승배기로 161
126,127,1236718,2015,자치단체청사,공공청사,0,4779,0,동작구 노량진동72-35,37.51299707,126.9427747,서울특별시 동작구 노량진동 72-35,서울특별시 동작구 노량진로 148
127,128,1236719,2015,자치단체청사,공공청사(사당1동사무소),0,495,0,동작구 사당동1049-11,37.47641296,126.9736339,서울특별시 동작구 사당동 1049-11,서울특별시 동작구 남부순환로 2025
128,129,1236720,2015,자치단체청사,공공청사(노량진2동),0,2971,0,노량진동 294-41,37.50874626,126.9364984,서울특별시 동작구 노량진동 294-41,서울특별시 동작구 노량진로8나길 91-2
129,130,1236721,2015,자치단체청사,공공청사(노량진1동),0,2027,0,노량진동 225-171일대,37.50938115,126.942941,서울특별시 동작구 노량진동 225-171,서울특별시 동작구 장승배기로16길 109-8
130,131,1236722,2015,자치단체청사,공공청사(사당5동),0,578,0,동작구 사당동228-11,37.4856805,126.9669345,서울특별시 동작구 사당동 228-11,서울특별시 동작구 사당로2가길 219
131,132,1236723,2015,자치단체청사,공공청사(상도파출소),0,175,0,동작구 상도1동 706,37.50338293,126.947298,서울특별시 동작구 상도1동 706,서울특별시 동작구 상도로 268
132,134,1236725,2015,자치단체청사,공공청사,0,3046,0,동작구 상도동176-3외5,37.50442384,126.9411375,서울특별시 동작구 상도동 176-3,서울특별시 동작구 장승배기로10길 42
133,135,1236726,2015,자치단체청사,공공청사(상도4동),0,330,0,동작구 상도동198-22외1,37.5000118,126.9378085,서울특별시 동작구 상도동 198-22,서울특별시 동작구 성대로25가길 23
134,136,1236727,2015,자치단체청사,주민센터 흑석7구역,0,729,0,동작구 흑석동 173-186,37.50940251,126.9600774,서울특별시 동작구 흑석동 173-186,서울특별시 동작구 흑석로13마길 1
135,137,1236728,2015,자치단체청사,공공청사(대방동사무소),0,871,0,동작구 대방동501-2,37.50822712,126.926297,서울특별시 동작구 대방동 501-2,서울특별시 동작구 여의대방로44길 20
136,138,1236729,2015,자치단체청사,통합동주민센터 흑석2구역,0,747,0,동작구 흑석동54-152,37.50676294,126.9628812,서울특별시 동작구 흑석동 54-152,서울특별시 동작구 서달로12길 24
137,139,1236730,2015,자치단체청사,공공청사(기상청),0,18185,0,동작구 신대방동460-18,37.49378923,126.9173214,서울특별시 동작구 신대방동 460-18,서울특별시 동작구 여의대방로16길 61
138,140,1236731,2015,자치단체청사,공공청사(소방서),0,4896,0,동작구 신대방동460-19,37.49472199,126.9176297,서울특별시 동작구 신대방동 460-19,서울특별시 동작구 여의대방로16길 55
139,141,1236732,2015,자치단체청사,공공청사(남부수도사업소),0,5724,0,동작구 신대방동470-1,37.4943734,126.9133664,서울특별시 동작구 신대방동 713,서울특별시 동작구 여의대방로10길 38
140,142,1236733,2015,자치단체청사,공공청사(치안센터),0,1749,0,동작구 대방동45-4일대,37.51167941,126.9339082,서울특별시 동작구 대방동 45-4,서울특별시 동작구 등용로12나길 18
141,143,1236734,2015,자치단체청사,공공청사(흑석주민센터),0,747,0,흑석동39-2,37.5057248,126.9643247,서울특별시 동작구 흑석동 54-9,서울특별시 동작구 서달로12라길 11-1
142,144,1236735,2015,자치단체청사,공공청사(소방파출소),0,473,0,"상도동324-21, 36",37.49904711,126.9294922,서울특별시 동작구 상도동 324-21,서울특별시 동작구 국사봉1길 17
143,145,1236736,2015,자치단체청사,공공청사,0,700,0,흑석동272-3,37.50542007,126.9701515,서울특별시 동작구 흑석동 272-3,서울특별시 동작구 현충로20길 10
144,146,1236738,2015,자치단체청사,공공청사,0,501,0,흑석동177-32,37.50929604,126.9601493,서울특별시 동작구 흑석동 177-32,서울특별시 동작구 흑석로13길 13
145,147,1236739,2015,자치단체청사,공공청사,0,849,0,사당동1004-52,37.48303921,126.9787583,서울특별시 동작구 사당동 1004-52,서울특별시 동작구 동작대로17길 28
146,148,1236740,2015,자치단체청사,공공청사,0,861,0,흑석동173-63,37.5097443,126.9594049,서울특별시 동작구 흑석동 173-63,서울특별시 동작구 흑석로5길 110
147,149,1236741,2015,문화시설,문화시설,0,750,0,흑석동38-58일대,37.50489391,126.9665594,서울특별시 동작구 흑석동 38-58,서울특별시 동작구 현충로10길 42
148,150,1236742,2015,지자체사회복지시설,사회복지시설(동작종합사회복지관),0,662,0,동작구 대방동68-82일대,37.50622213,126.9328149,서울특별시 동작구 대방동 68-82,서울특별시 동작구 등용로 55
149,151,1236743,2015,지자체사회복지시설,사회복지시설(사당종합사회복지관),0,486,0,동작구 사당동268-22,37.4833786,126.9697739,서울특별시 동작구 사당동 240-15,서울특별시 동작구 사당로16다길 57
150,152,1236744,2015,지자체사회복지시설,사회복지시설(어린이집),0,1462,0,동작구 상도동159-403일대,37.50247388,126.9464419,서울특별시 동작구 상도동 159-403,서울특별시 동작구 양녕로36길 15
151,153,1236745,2015,지자체사회복지시설,사회복지시설(보건소에서 시설변경),0,384,0,동작구 노량진동62-8외1,37.51335456,126.9408779,서울특별시 동작구 노량진동 62-8,서울특별시 동작구 노량진로 134
152,154,1236746,2015,지자체사회복지시설,사회복지시설(예담어린이집),0,1117,0,동작구 상도1동511,37.50697558,126.9512261,서울특별시 동작구 상도1동 511,서울특별시 동작구 매봉로 43
153,155,1236747,2015,지자체사회복지시설,사회복지시설,0,159,0,동작구 노량진동224-6,37.51040559,126.9446283,서울특별시 동작구 노량진동 224-6,서울특별시 동작구 만양로 77
154,156,1236748,2015,지자체사회복지시설,사회복지시설,0,502,0,동작구 흑석동54-235,37.5045456,126.9629216,서울특별시 동작구 흑석동 93-41,서울특별시 동작구 서달로10길 55
155,157,1236749,2015,지자체사회복지시설,사회복지시설,0,1435,0,흑석동 231-8,37.50510662,126.9606425,서울특별시 동작구 흑석동 231-8,서울특별시 동작구 서달로 128
156,160,1236752,2015,지자체사회복지시설,사회복지시설,0,1283,0,흑석동 257-10,37.49976547,126.9601523,서울특별시 동작구 흑석동 257-10,서울특별시 동작구 서달로1길 17
157,161,1236753,2015,지자체사회복지시설,사회복지시설,0,726,0,흑석동 173-52,37.50984054,126.9591567,서울특별시 동작구 흑석동 173-52,서울특별시 동작구 흑석로5길 110
158,162,1236754,2015,지자체사회복지시설,사회복지시설(구립노인정),0,630,0,상도동122-54,37.4984903,126.9521415,서울특별시 동작구 상도동 467-7,서울특별시 동작구 상도로 335
159,163,1236755,2015,자치단체청소년수련시설,청소년수련시설,0,2892,0,동작구 본동 18-6번지 일대,37.51105786,126.9572956,서울특별시 동작구 본동 18-6,서울특별시 동작구 노량진로30길 55
160,164,1127023,2015,지방하천,하천,1350,30510,0,상도동 34,37.5056632,126.9445982,서울특별시 동작구 상도동 23-12,서울특별시 동작구 상도로33길 3
161,165,1127025,2015,유수시설,유수지,115,2602,0,노량진동 13-8,37.51532501,126.942059,서울특별시 동작구 노량진동 13-8,서울특별시 동작구 노들로 688
162,166,1127026,2015,유수시설,유수지,114,2595,0,대방동 82-6,37.5142668,126.9275648,서울특별시 동작구 대방동 87-1,서울특별시 동작구 여의대방로62길 7
163,167,1127027,2015,유수시설,유수지,0,0,7353,흑석동 1-2,37.50951023,126.9644547,서울특별시 동작구 흑석동 1-2,서울특별시 동작구 현충로 85-5
164,168,1127028,2015,유수시설,유수지,7741,7741,0,흑석동 105,37.50856741,126.9629645,서울특별시 동작구 흑석동 105,서울특별시 동작구 서달로15길 8-7
165,169,1127029,2015,방수시설,방수설비,0,1052,0,흑석동 7-1,37.50860889,126.9651515,서울특별시 동작구 흑석동 7-1,서울특별시 동작구 현충로 87
166,170,1127022,2015,종합병원,종합의료시설,561,24523,0,신대방동 395,37.4932384,126.9175228,서울특별시 동작구 신대방동 460-18,서울특별시 동작구 여의대방로16길 61
167,171,1127017,2015,공공하수도중 간선하수관,하수도,180,410,0,대방동 80,34.93362402,128.0616588,경상남도 사천시 대방동 80,경상남도 사천시 삼천포대교로 347-73
168,173,1127020,2015,공공하수도중 간선하수관,하수도,408,2040,0,대방동 79-5,37.51456597,126.9320233,서울특별시 동작구 대방동 79-5,서울특별시 동작구 노량진로 53
169,174,1127021,2015,공공하수도중 간선하수관,하수도,100,300,0,신대방동 362,37.4984729,126.9230918,서울특별시 동작구 대방동 509,서울특별시 동작구 여의대방로24다길 40
170,175,1184309,2015,소공원,공원,0,0,0,사당동164-1일원,37.4874191,126.9746541,서울특별시 동작구 사당동 1159-2,서울특별시 동작구 사당로27길 103
171,176,1184310,2015,소공원,공원,0,0,0,대방동 402-6일대,37.49941755,126.9232049,서울특별시 동작구 대방동 402-6,서울특별시 동작구 여의대방로26길 51
172,177,1184311,2015,소공원,공원,0,254,0,흑석동329-2(339-4),37.13807852,128.2428638,충청북도 제천시 흑석동 532,충청북도 제천시 흑석무도로5길 29
173,178,1184312,2015,소공원,공원,0,0,0,사당동1131,37.48539268,126.9712799,서울특별시 동작구 사당동 1131,서울특별시 동작구 사당로13길 31
174,179,1184315,2015,소공원,공원,0,1869,0,상도동134-278일대(산64-23),37.4945095,126.95103,서울특별시 동작구 상도동 531,서울특별시 동작구 상도로 346-1
175,180,1184316,2015,소공원,공원,0,822,0,상도동296-6일대,37.49669356,126.9322164,서울특별시 동작구 상도동 296-6,서울특별시 동작구 국사봉1길 115-5
176,181,1184317,2015,소공원,공원,0,1813,0,상도동174일대,37.5035426,126.9390047,서울특별시 동작구 상도동 183-34,서울특별시 동작구 상도로26가길 18
177,182,1184318,2015,소공원,공원,0,537,0,상도동167-11,37.5031869,126.9412479,서울특별시 동작구 상도동 521,서울특별시 동작구 장승배기로10가길 25
178,183,1184319,2015,소공원,공원,0,441,0,흑석동186-135,37.50918198,126.9578527,서울특별시 동작구 흑석동 186-135,서울특별시 동작구 흑석로5길 73
179,184,1184320,2015,소공원,공원,0,300,0,흑석동38-2일대,37.5054312,126.9642383,서울특별시 동작구 흑석동 335,서울특별시 동작구 서달로12라길 11-1
180,185,1184321,2015,소공원,공원,0,0,0,흑석동231-31일대,37.50454671,126.9605532,서울특별시 동작구 흑석동 231-31,서울특별시 동작구 서달로 124
181,186,1184322,2015,소공원,공원,0,0,0,흑석동173-197일대(용봉정근린공원내부),37.51118066,126.9582872,서울특별시 동작구 흑석동 173-197,서울특별시 동작구 현충로 52
182,187,1184323,2015,소공원,공원,0,0,0,흑석동173-148일대(용봉정근린공원내부),37.51057303,126.9580721,서울특별시 동작구 흑석동 173-77,서울특별시 동작구 흑석로3가길 5
183,188,1184324,2015,소공원,공원,0,0,0,흑석동235-89,37.5034789,126.9565812,서울특별시 동작구 흑석동 221,서울특별시 동작구 흑석로 84
184,189,1184325,2015,소공원,공원,0,0,0,흑석동275-12(기타공원시설),37.5055017,126.9715944,서울특별시 동작구 흑석동 275-15,서울특별시 동작구 현충로 164
185,190,1184326,2015,소공원,공원,0,0,0,흑석동275-13(기타공원시설,37.50547278,126.9719774,서울특별시 동작구 흑석동 275-13,서울특별시 동작구 현충로24가길 7
186,191,1184327,2015,소공원,공원,0,114,0,흑석동198-90일대,37.50910178,126.956313,서울특별시 동작구 흑석동 198-90,서울특별시 동작구 흑석로9길 80
187,192,1184328,2015,소공원,공원,0,1678,0,사당동181-376,37.49324012,126.9617962,서울특별시 동작구 사당동 181-376,서울특별시 동작구 사당로2가길 10-3
188,193,1184329,2015,소공원,공원,0,1680,0,사당동181-221,37.49027131,126.9629553,서울특별시 동작구 사당동 181-221,서울특별시 동작구 사당로2다길 78
189,194,1184333,2015,소공원,꽃담길 소공원,0,0,0,상도동25-3,37.5052387,126.9392533,서울특별시 동작구 상도동 26-20,서울특별시 동작구 상도로15길 143
190,195,1184330,2015,역사공원,공원(사육신),0,0,0,노량진동 152-3일대,37.51390965,126.9479224,서울특별시 동작구 노량진동 152-3,서울특별시 동작구 노량진로 191
191,196,1184331,2015,문화공원,공원,0,0,0,흑석동105일대,37.50856741,126.9629645,서울특별시 동작구 흑석동 105,서울특별시 동작구 서달로15길 8-7
192,197,1184332,2015,연결녹지,녹지,0,3011,0,흑석동339-2일대,37.50105325,126.958752,서울특별시 동작구 흑석동 339-2,서울특별시 동작구 서달로1길 17
193,198,1184257,2015,완충녹지,녹지,0,2269,0,흑석동140-1일대,37.51008831,126.9621377,서울특별시 동작구 흑석동 140-1,서울특별시 동작구 현충로 52
194,199,1184258,2015,완충녹지,녹지,0,1936,0,사당동190-6,37.4894335,126.9616058,서울특별시 동작구 사당동 1139,서울특별시 동작구 사당로2가길 102
195,201,1184260,2015,완충녹지,녹지,0,1217,0,흑석동274,37.50543846,126.9709142,서울특별시 동작구 흑석동 274,서울특별시 동작구 현충로 158
196,202,1184261,2015,경관녹지,녹지,0,2092,0,상도동36-1일대,37.5052719,126.9459914,서울특별시 동작구 상도동 22-86,서울특별시 동작구 상도로31길 83
197,204,1184263,2015,경관녹지,녹지,0,681,0,상도동55-170,37.5031401,126.9519907,서울특별시 동작구 상도1동 325-11,서울특별시 동작구 상도로47길 90
198,205,1184264,2015,경관녹지,녹지,0,1567,0,사당동1047-14,37.47728769,126.9749743,서울특별시 동작구 사당동 1047-14,서울특별시 동작구 남부순환로265나길 2
199,206,1184265,2015,경관녹지,흑석2경관녹지,0,37,0,흑석동 269번지 일대,37.50605284,126.9687361,서울특별시 동작구 흑석동 269,서울특별시 동작구 현충로 140
200,207,1184266,2015,경관녹지,사당동경관녹지,0,0,0,사당동 169-15,37.4859911,126.9726511,서울특별시 동작구 사당동 169-15,서울특별시 동작구 사당로17길 65
201,208,1184267,2015,경관녹지,녹지,0,0,0,흑석동18-1일대,37.50802274,126.9688405,서울특별시 동작구 흑석동 18-1,서울특별시 동작구 현충로 151
202,209,1184269,2015,경관녹지,녹지,0,537,0,흑석동 산43-2,36.26095822,127.3569292,대전광역시 서구 흑석동 산 43-2,
203,210,1184270,2015,경관녹지,녹지,0,3474,0,흑석동 산88-14,37.50575637,126.9675835,서울특별시 동작구 흑석동 산 88-14,서울특별시 동작구 현충로12길 20
204,211,1184271,2015,경관녹지,녹지,0,600,0,흑석동264외1필지,37.50617327,126.9679443,서울특별시 동작구 흑석동 264,서울특별시 동작구 현충로12길 6
205,212,1184272,2015,공공공지,공공공지,0,598,0,노량진205,37.5123231,126.9459524,서울특별시 동작구 노량진동 126-37,서울특별시 동작구 만양로14길 35
206,213,1184273,2015,공공공지,공공공지,0,108,0,노량진310-54,37.5060044,126.93822,서울특별시 동작구 상도동 900,서울특별시 동작구 장승배기로11가길 11
207,215,1184275,2015,공공공지,공공공지,0,317,0,동작동65-2,37.49164762,126.978249,서울특별시 동작구 사당동 65-2,서울특별시 동작구 동작대로35가길 67
208,216,1184276,2015,공공공지,공공공지,0,102,0,동작동 산89-1,37.4896119,126.9383033,서울특별시 관악구 봉천동 산 104-1,서울특별시 관악구 봉천로23길 92
209,218,1184278,2015,공공공지,공공공지,0,1450,0,사당동220-6,37.486509,126.9700604,서울특별시 동작구 사당동 220-6,서울특별시 동작구 사당로9나길 15
210,220,1184280,2015,공공공지,공공공지,0,140,0,상도동27-44,37.50506527,126.9435408,서울특별시 동작구 상도동 27-44,서울특별시 동작구 상도로30길 39
211,221,1184281,2015,공공공지,공공공지,0,236,0,상도동217-3,37.4964036,126.9409217,서울특별시 동작구 상도동 210-436,서울특별시 동작구 양녕로25길 70
212,222,1184282,2015,공공공지,공공공지,0,437,0,사당동149-4,37.48438694,126.9798085,서울특별시 동작구 사당동 148-40,서울특별시 동작구 동작대로23길 33
213,223,1184283,2015,공공공지,공공공지,0,686,0,사당동324-20,37.48387855,126.9757663,서울특별시 동작구 사당동 324-20,서울특별시 동작구 사당로23길 57-14
214,224,1184284,2015,공공공지,공공공지,0,3402,0,상도4동244-183일대,37.49978486,126.9354957,서울특별시 동작구 상도동 244-183,서울특별시 동작구 성대로21가길 16
215,225,1184285,2015,공공공지,공공공지,0,923,0,상도동159-442일대,37.501027,126.9410397,서울특별시 동작구 상도동 201-73,서울특별시 동작구 장승배기로3길 8-1
216,226,1184286,2015,공공공지,공공공지,0,17,0,상도동159-1일대,37.50164342,126.9462405,서울특별시 동작구 상도동 159-1,서울특별시 동작구 양녕로36길 4
217,227,1184287,2015,공공공지,공공공지,0,31,0,상도동159-120일대,37.50171871,126.947355,서울특별시 동작구 상도동 159-120,서울특별시 동작구 상도로38길 22
218,228,1184288,2015,공공공지,공공공지,0,385,0,상도동169-86,37.5034639,126.9414906,서울특별시 동작구 상도동 521-2,서울특별시 동작구 장승배기로4길 9
219,229,1184289,2015,공공공지,공공공지,0,146,0,상도동156-54,37.5032478,126.9424165,서울특별시 동작구 상도동 521-1,서울특별시 동작구 장승배기로4길 9
220,230,1184290,2015,공공공지,공공공지,0,121,0,상도동156-3,37.5039171,126.9418959,서울특별시 동작구 상도동 535,서울특별시 동작구 상도로30길 40
221,231,1184293,2015,공공공지,공공공지,0,96,0,흑석동198-52,37.50900048,126.9564834,서울특별시 동작구 흑석동 198-38,서울특별시 동작구 흑석로9길 74
222,232,1184294,2015,공공공지,공공공지,0,189,0,흑석동225-44,37.50757936,126.9615255,서울특별시 동작구 흑석동 225-44,서울특별시 동작구 서달로13길 5-30
223,233,1184295,2015,공공공지,공공공지,0,527,0,흑석동86-81,37.50662732,126.9616754,서울특별시 동작구 흑석동 86-81,서울특별시 동작구 서달로10길 2
224,234,1184296,2015,공공공지,공공공지,0,373,0,흑석동97-2,37.50733796,126.9623125,서울특별시 동작구 흑석동 97-2,서울특별시 동작구 서달로 158
225,235,1184297,2015,공공공지,공공공지,0,114,0,흑석동97-2,37.50733796,126.9623125,서울특별시 동작구 흑석동 97-2,서울특별시 동작구 서달로 158
226,236,1184298,2015,공공공지,공공공지,0,491,0,흑석동339-3,37.50075781,126.9592558,서울특별시 동작구 흑석동 339-3,서울특별시 동작구 서달로1길 27
227,237,1184299,2015,공공공지,공공공지,0,4245,0,흑석동257,37.50017231,126.9602608,서울특별시 동작구 흑석동 257,서울특별시 동작구 서달로 83
228,238,1184300,2015,공공공지,공공공지,0,812,0,상도3동296-6일대,37.49669356,126.9322164,서울특별시 동작구 상도동 296-6,서울특별시 동작구 국사봉1길 115-5
229,239,1184301,2015,공공공지,공공공지,0,86,0,상도동36-1일대,37.5052719,126.9459914,서울특별시 동작구 상도동 22-86,서울특별시 동작구 상도로31길 83
230,240,1184302,2015,공공공지,공공공지,0,136,0,신대방동341-57일대,37.4950339,126.9254108,서울특별시 동작구 신대방동 366-59,서울특별시 동작구 보라매로9길 31
231,241,1184303,2015,공공공지,공공공지,0,94,0,신대방동698번지,37.48557939,126.9044762,서울특별시 동작구 신대방동 698,서울특별시 동작구 시흥대로 596
232,242,1184304,2015,공공공지,공공공지,0,0,0,노량진동329-12,37.50744261,126.9477525,서울특별시 동작구 노량진동 329-12,서울특별시 동작구 만양로 35
233,243,1184305,2015,공공공지,공공공지,0,968,0,노량진동315-72일대,37.5054803,126.9370511,서울특별시 동작구 상도동 363-143,서울특별시 동작구 등용로2길 4
234,244,1184306,2015,공공공지,공공공지,0,373,0,흑석동97-38일대,37.50694773,126.9625683,서울특별시 동작구 흑석동 97-38,서울특별시 동작구 서달로12길 13
235,245,1184307,2015,공공공지,공공공지,0,0,0,노량진동 294-432일대,37.5074205,126.9359534,서울특별시 동작구 노량진동 294-432,서울특별시 동작구 노량진로8나길 120
236,246,1184308,2015,공공공지,공공공지,0,222,0,사당동181-366,37.49215272,126.9630146,서울특별시 동작구 사당동 181-366,서울특별시 동작구 사당로2길 40
237,247,1127031,2015,배수시설,수도공급설비,27904,27904,0,노량진동12일대,37.5150226,126.9422066,서울특별시 동작구 노량진동 13-8,서울특별시 동작구 노들로 688
238,248,1127032,2015,배수시설,수도공급설비,2500,3869,0,사당동 산32-2,37.4841342,126.9633128,서울특별시 동작구 사당동 산 32-2,서울특별시 동작구 솔밭로 47
239,249,1127033,2015,배수시설,수도공급설비,60000,25042,0,대방동305-2일대,37.5107672,126.9289536,서울특별시 동작구 대방동 23-176,서울특별시 동작구 여의대방로44길 39
240,251,1230317,2015,송전선로,송전선로,4468,1,0,양재동산67-1 ~ 사당변전소,37.47638935,127.0259802,서울특별시 서초구 양재동 산 67-1,서울특별시 서초구 남부순환로342길 100-15
241,252,1233913,2015,노외주차장,대추벌,0,0,0,흑석동 605-16,36.26458493,127.3346233,대전광역시 서구 흑석동 605-16,대전광역시 서구 동해안로2961번길 11
242,253,1233916,2015,노외주차장,등골,0,0,0,흑석동 62,36.26795465,127.3525051,대전광역시 서구 흑석동 62,대전광역시 서구 언목재길 367-69
243,254,1233921,2015,노외주차장,사진개,0,0,0,흑석동 192-1,37.5079445,126.9592706,서울특별시 동작구 흑석동 191-4,서울특별시 동작구 흑석로13가길 34-18
244,255,1233988,2015,노외주차장,노외주차장,0,617,0,흑석동966,36.25418356,127.3412302,대전광역시 서구 흑석동 966,대전광역시 서구 금평2길 27
245,258,1127789,2015,공공공지,공공공지,0,2713,0,흑석동 523-10,37.14586378,128.2455352,충청북도 제천시 흑석동 220,충청북도 제천시 흑석무도로 165
246,259,1126977,2015,초등학교,새별초교,0,12049,0,광산구 흑석동 521(수완지구),35.1827792,126.8124994,광주광역시 광산구 흑석동 521,광주광역시 광산구 풍영로 125
247,260,1234168,2015,배수시설,배수지,1,1850,0,흑석동산72,36.2553625,127.3447489,대전광역시 서구 흑석동 산 72,대전광역시 서구 벌곡로 672
248,261,1233275,2015,어린이공원,두레박,0,1498,0,서구 흑석동 842,36.25509109,127.3397638,대전광역시 서구 흑석동 842,대전광역시 서구 세점길 11
249,262,1233286,2015,어린이공원,금평,0,1580,0,서구 흑석동 983,36.25395085,127.3415559,대전광역시 서구 흑석동 983,대전광역시 서구 금평4길 11
250,263,1233162,2015,경관녹지,흑석동 898외2필지,0,0,0,서구 흑석동 898외2필지,36.2562116,127.34243,대전광역시 서구 흑석동 898,대전광역시 서구 흑석2길 65
251,264,1244063,2015,소하천,등골소하천,1200,0,0,흑석동102~흑석동487-3,36.26983247,127.3517655,대전광역시 서구 흑석동 102,대전광역시 서구 언목재길 327
252,265,1244064,2015,소하천,사진개소하천,760,0,0,흑석동178-1~흑석동437-4,37.1456317,128.241524,충청북도 제천시 흑석동 178-1,충청북도 제천시 솔치로 138
253,266,1135357,2015,노외주차장,흑석동 주차장,0,0,0,흑석동 158-15 일원,35.18111496,126.8065482,광주광역시 광산구 흑석동 158-15,광주광역시 광산구 하남대로 127-30
254,267,1127576,2015,근린공원,하남3지구공원,0,0,0,광산구 흑석동 313-5,35.18330604,126.8024024,광주광역시 광산구 흑석동 723,광주광역시 광산구 마항길 5
255,268,1127577,2015,근린공원,근린공원,0,0,0,광산구 흑석동 산48,35.18324459,126.8081936,광주광역시 광산구 흑석동 산 48,광주광역시 광산구 사암로 435-1
256,269,1135163,2015,노외주차장,주차장,0,594,0,흑석동 543(수완지구),36.27359243,127.3385184,대전광역시 서구 흑석동 543,대전광역시 서구 노루벌1길 343
257,270,1135164,2015,노외주차장,주차장,0,0,0,흑석동 553(수완지구),36.27168487,127.3378226,대전광역시 서구 흑석동 551-1,대전광역시 서구 노루벌1길 355
258,271,1135165,2015,노외주차장,주차장,0,0,0,흑석동 593(수완지구),35.18056777,126.8109039,광주광역시 광산구 흑석동 593,광주광역시 광산구 풍영로101번안길 3-6
259,272,1127628,2015,어린이공원,해님,0,1606,0,흑석동 520,37.1347553,128.2444819,충청북도 제천시 흑석동 520,충청북도 제천시 흑석무도로2길 5
260,273,1127629,2015,어린이공원,장자울,0,1568,0,흑석동 573,36.26840312,127.3382949,대전광역시 서구 흑석동 573,대전광역시 서구 안물안길 38-44
261,274,1234072,2015,중학교,기성,0,22501,0,흑석동295,37.5039496,126.9683158,서울특별시 동작구 흑석동 295,서울특별시 동작구 현충로12길 106
262,275,1234134,2015,자치단체청사,우체분국,0,364,0,흑석동843,36.25490698,127.3400168,대전광역시 서구 흑석동 843,대전광역시 서구 세점길 11
263,276,1234135,2015,자치단체청사,파출소 소방파출소,0,633,0,흑석동956,36.25513355,127.3429475,대전광역시 서구 흑석동 956,대전광역시 서구 벌곡로 672
264,277,1234141,2015,자치단체청사,동사무소,0,2203,0,흑석동892,36.25580814,127.3416099,대전광역시 서구 흑석동 892,대전광역시 서구 흑석1길 16
265,278,1248146,2015,지방하천,갈월천,3490,129130,2410,"대방리 649-4, 정산리224-1",35.4026993,126.9522231,전라북도 순창군 복흥면 대방리 649-4,전라북도 순창군 복흥면 용지길 74
266,279,1127860,2015,초등학교,학교24,0,11907,0,흑석동 436,37.13414119,128.2448239,충청북도 제천시 흑석동 436,충청북도 제천시 의병대로 415
267,280,1184114,2015,교차점광장,13호광장(비도시),0,68740,0,이월면 사당리 산10-2,36.94147557,127.4504202,충청북도 진천군 이월면 사당리 산 10-2,충청북도 진천군 이월면 관지미길 107
268,281,1117886,2015,사회복지법인시설,사회복지시설1,0,41318,0,흑석동 45-1,37.14004312,128.2522311,충청북도 제천시 흑석동 45-1,충청북도 제천시 의병대로45길 58
269,282,1117660,2015,역전광장,광장24,0,0,0,흑석동 420-1,36.25867608,127.3408539,대전광역시 서구 흑석동 420-1,대전광역시 서구 벌곡로 709-36
270,283,1181565,2015,지방하천,고자천,12820,310815,0,상촌면 상도대리 448,36.12596342,127.8732103,충청북도 영동군 상촌면 상도대리 448,충청북도 영동군 상촌면 상도대2길 22
271,284,1218977,2015,근린공원,해도공원,0,84400,0,포항시 상도동,36.00819229,129.3509975,경상북도 포항시 남구 상도동 174-3,경상북도 포항시 남구 뱃머리길 6-35
272,285,1218767,2015,어린이공원,상도4어린이공원,0,1526,0,상도동 18-125 일원,36.01530049,129.359395,경상북도 포항시 남구 상도동 18-125,경상북도 포항시 남구 상공로 84
273,286,1218768,2015,어린이공원,상도5공원,0,2844,0,상도동 455-174 일원,37.506033,126.9332826,서울특별시 동작구 대방동 5,서울특별시 동작구 등용로 50
274,287,1218807,2015,어린이공원,상 도 3,0,4108,0,상도동 18-63,36.01660849,129.3578275,경상북도 포항시 남구 상도동 18-63,경상북도 포항시 남구 중흥로162번길 32-3
275,288,1218555,2015,경관녹지,녹지,0,440,0,상도동 466-3 일원,37.49902499,126.9522633,서울특별시 동작구 상도동 466-1,서울특별시 동작구 상도로49길 10-1
276,289,1197749,2015,물류시설,대규모점포,0,22349,0,상도동 472-1 일원,37.4973308,126.9498212,서울특별시 동작구 상도동 533,서울특별시 동작구 상도로 346-2
277,291,1219226,2015,공공도서관,도서관,0,54583,0,상도동 194-2 일원,37.50231631,126.9364721,서울특별시 동작구 상도동 194-2,서울특별시 동작구 상도로22가길 8
278,292,1219234,2015,사회복지법인시설,사회복지시설,0,54583,0,상도동 196-4 일원,37.50226141,126.9379318,서울특별시 동작구 상도동 196-4,서울특별시 동작구 장승배기로9다길 26
279,293,1219235,2015,자치단체청소년수련시설,청소년수련시설,0,54583,0,상도동 110 일원,36.00715141,129.355805,경상북도 포항시 남구 상도동 110,경상북도 포항시 남구 뱃머리길 39
280,294,1198966,2015,공공하수도중 간선하수관,형산배수펌프장및    유수지,0,86425,0,포항시상도동 497,36.00747056,129.347164,경상북도 포항시 남구 상도동 497,경상북도 포항시 남구 연일로 55
281,296,1197839,2015,대규모점포및임시시장,상도1시장,0,165,0,포항시 상도동629,36.01258147,129.356216,경상북도 포항시 남구 상도동 629,경상북도 포항시 남구 상공로 43
282,297,1197840,2015,대규모점포및임시시장,상도 시장,0,1655,0,포항시 상도동1-12,36.01992196,129.3610329,경상북도 포항시 남구 상도동 1-12,경상북도 포항시 남구 양학천로76번길 13
283,298,1218670,2015,완충녹지,녹지,0,3508,0,상도동 455-107 일원,36.00988758,129.3464137,경상북도 포항시 남구 상도동 672,경상북도 포항시 남구 상도남로 25
284,299,1218712,2015,완충녹지,녹지,0,22206,0,남구 상도동 201-4 일대,36.00819874,129.3546532,경상북도 포항시 남구 상도동 200-3,경상북도 포항시 남구 희망대로 743
285,300,1195201,2015,노외주차장,주차장,0,1826,0,상도동 466-8일원,37.4987322,126.952354,서울특별시 동작구 상도동 67-6,서울특별시 동작구 상도로37길 61
286,301,1196590,2015,여객자동차터미널,여객자동차 터미날 (시내·외),0,20027,0,상도동 579-12∼13,36.01392941,129.3500814,경상북도 포항시 남구 상도동 579-12,경상북도 포항시 남구 중흥로 93
287,302,1218952,2015,근린공원,상도공원,0,49605,0,남구 상도동 175-1 일대,36.0085867,129.3515831,경상북도 포항시 남구 상도동 175-1,경상북도 포항시 남구 뱃머리길 6-35
288,303,1100889,2015,노외주차장,주차장15,0,2539,0,대구면 사당리 239-2,34.50766853,126.7983584,전라남도 강진군 대구면 사당리 239-2,전라남도 강진군 대구면 미산길 2
289,304,1250917,2015,어린이공원,창원-어린이공원167,0,0,0,대산면 대방리 37답,35.34271336,128.6954008,경상남도 창원시 의창구 대산면 대방리 37,경상남도 창원시 의창구 대산면 봉강가술로411번길 5
290,305,1133239,2015,교차점광장,창원-광장32,0,26579,0,성산구 대방동 산 84-2,35.20799121,128.7132661,경상남도 창원시 성산구 대방동 산 84-2,경상남도 창원시 성산구 대암로 185-45
291,306,1123143,2015,배수시설,창원-수도공급설비-9,15000,32186,0,대방동 산6,34.942425,128.0615003,경상남도 사천시 대방동 산 6,
292,307,1113492,2015,초등학교,창원-학교-25,0,15790,0,대방동 359,35.21122638,128.706677,경상남도 창원시 성산구 대방동 359,경상남도 창원시 성산구 대정로 132
293,308,1113503,2015,초등학교,창원-학교-65,0,17812,0,대방동 368,35.20941071,128.7097672,경상남도 창원시 성산구 대방동 368,경상남도 창원시 성산구 가양로 158
294,309,1113504,2015,초등학교,창원-학교-66,0,15969,0,대방동 372,34.93177818,128.058569,경상남도 사천시 대방동 372,경상남도 사천시 각산로 150
295,310,1113577,2015,중학교,창원-학교-42,0,15786,0,대방동 360,35.21014119,128.7069736,경상남도 창원시 성산구 대방동 360,경상남도 창원시 성산구 가양로 133
296,311,1113585,2015,중학교,창원-학교-68,0,16969,0,대방동 373,34.93196391,128.0587593,경상남도 사천시 대방동 373,경상남도 사천시 삼천포대교로 278
297,312,1251094,2015,체육공원,창원-체육공원16,0,530571,0,대방동 250-1,34.92916592,128.0566524,경상남도 사천시 대방동 250,경상남도 사천시 대방길 123
298,313,1251120,2015,소공원,창원-소공원218,0,0,0,대산면 대방리 442,35.34421169,128.6906217,경상남도 창원시 의창구 대산면 대방리 442,경상남도 창원시 의창구 대산면 봉강가술로358번길 11
299,314,1251121,2015,소공원,창원-소공원217,0,0,0,대산면 대방리 526,35.34424017,128.6920446,경상남도 창원시 의창구 대산면 대방리 526,경상남도 창원시 의창구 대산면 봉강가술로394번길 12-3
300,315,1251122,2015,소공원,창원-소공원216,0,0,0,대산면 대방리 529,35.3442528,128.6931379,경상남도 창원시 의창구 대산면 대방리 529,경상남도 창원시 의창구 대산면 봉강가술로 390
301,316,1250840,2015,어린이공원,창원-어린이공원64(대암),0,2098,0,대방동 370-3,35.20659347,128.7109814,경상남도 창원시 성산구 대방동 370-3,경상남도 창원시 성산구 대암로 213
302,317,1250849,2015,어린이공원,창원-어린이공원55(먼등),0,508,0,대방동 333-3,37.49912695,126.9287613,서울특별시 동작구 대방동 333-3,서울특별시 동작구 국사봉1길 3
303,318,1128799,2015,노외주차장,창원-주차장-161,0,0,0,의창구 대산면 대방리 442일원,35.34421169,128.6906217,경상남도 창원시 의창구 대산면 대방리 442,경상남도 창원시 의창구 대산면 봉강가술로358번길 11
304,319,1128806,2015,노외주차장,창원-주차장-17,0,1638,0,성산구 대방동 338-2,35.21646408,128.7079736,경상남도 창원시 성산구 대방동 338-2,경상남도 창원시 성산구 대암로101번길 6-15
305,320,1128810,2015,노외주차장,창원-주차장-173,0,0,0,의창구 대산면 대방리 120-1,35.34454191,128.6934846,경상남도 창원시 의창구 대산면 대방리 120-1,경상남도 창원시 의창구 대산면 봉강가술로 390
306,321,1128812,2015,노외주차장,창원-주차장-18,0,1016,0,성산구 대방동 344-1,35.21535265,128.7091323,경상남도 창원시 성산구 대방동 344-1,경상남도 창원시 성산구 대암로115번길 6-8
307,322,1128822,2015,노외주차장,창원-주차장-19,0,5173,0,성산구 대방동 361-2,35.2079171,128.7070105,경상남도 창원시 성산구 대방동 361-2,경상남도 창원시 성산구 가양로124번길 15
308,323,1132733,2015,경관녹지,창원-경관녹지12,0,7500,0,대방동 368-1,35.20900731,128.7091047,경상남도 창원시 성산구 대방동 368-1,경상남도 창원시 성산구 창이대로881번길 19
309,324,1132744,2015,경관녹지,창원-경관녹지11,0,5659,0,대방동 355-1,35.2144232,128.7064391,경상남도 창원시 성산구 대방동 355,경상남도 창원시 성산구 대암로 82
310,325,1184254,2015,완충녹지,녹지,0,336,0,사당동산24,37.4851471,126.9738881,서울특별시 동작구 사당동 169-8,서울특별시 동작구 사당로17길 52
311,326,1184314,2015,소공원,공원,0,757,0,상도동 27-3일대,36.01801742,129.3570692,경상북도 포항시 남구 상도동 27-3,경상북도 포항시 남구 중흥로162번길 21-5
312,327,1132250,2015,고등학교,세화고등학교,0,33289,0,구좌읍상도리73,33.4938629,126.8680346,제주특별자치도 제주시 구좌읍 상도리 73,제주특별자치도 제주시 구좌읍 상도동길 204-16
313,328,1132891,2015,완충녹지,창원-완충녹지7,0,201926,0,대방동 473-1,35.21049657,128.7056102,경상남도 창원시 성산구 대방동 473-1,경상남도 창원시 성산구 가양로 99
314,329,1132946,2015,완충녹지,창원-완충녹지134,0,0,0,대산면 대방리 527,35.34419778,128.6925816,경상남도 창원시 의창구 대산면 대방리 527,경상남도 창원시 의창구 대산면 봉강가술로 390
315,330,1132947,2015,완충녹지,창원-완충녹지133,0,0,0,대산면 대방리 526,35.34424017,128.6920446,경상남도 창원시 의창구 대산면 대방리 526,경상남도 창원시 의창구 대산면 봉강가술로394번길 12-3
316,331,1213716,2015,근린공원,구좌읍 상도공원,0,0,0,구좌읍 상도리 392-1,33.51426529,126.8704397,제주특별자치도 제주시 구좌읍 상도리 392-1,제주특별자치도 제주시 구좌읍 상하도길 39-17
