,표준ID,ARS-ID,정류장명,X좌표,Y좌표,비고,지번주소,도로명주소,법정동
0,118000011,19011,경남아너스빌아파트,126.9115745553,37.4955867471,,서울특별시 동작구 신대방동 551-8,서울특별시 동작구 여의대방로 28,신대방동
1,118900115,19838,신대방1동경남아파트,126.90756100520001,37.489931954,,서울특별시 동작구 신대방동 607-7,서울특별시 동작구 시흥대로 650-2,신대방동
2,119000292,19964,공군호텔,126.9246177878,37.5102017522,,서울특별시 동작구 대방동 354-1,서울특별시 동작구 알마타길 6,대방동
3,119000001,20001,동작상떼빌아파트,126.904448,37.486449,,서울특별시 동작구 신대방동 699-3,서울특별시 동작구 시흥대로 606,신대방동
4,119000002,20002,신대방경남아파트,126.9077697636,37.490298866399996,,서울특별시 동작구 신대방동 607-7,서울특별시 동작구 시흥대로 658,신대방동
5,119000003,20003,신대방현대아파트,126.9115804799,37.495357871399996,,서울특별시 동작구 신대방동 492-26,서울특별시 동작구 여의대방로 28,신대방동
6,119000004,20004,보라매공원,126.9163209076,37.4968120999,,서울특별시 동작구 신대방동 500-8,서울특별시 동작구 여의대방로 86-1,신대방동
7,119000005,20005,동작세무서,126.92019644620001,37.4981412047,,서울특별시 동작구 신대방동 377-5,서울특별시 동작구 여의대방로 126,신대방동
8,119000006,20006,강남중학교,126.9218983526,37.5037895503,,서울특별시 동작구 대방동 466-43,서울특별시 동작구 여의대방로 188-1,대방동
9,119000007,20007,현대아파트,126.93143700000002,37.513174,,서울특별시 동작구 대방동 54-2,서울특별시 동작구 노량진로 48,대방동
10,119000008,20008,현대아파트.유한양행,126.9323737344,37.5132368488,,서울특별시 동작구 대방동 48-3,서울특별시 동작구 노량진로 74,대방동
11,119000009,20009,노량진수산시장.CTS기독교TV,126.938456,37.513422999999996,,서울특별시 동작구 노량진동 40-12,서울특별시 동작구 노량진로 116-2,노량진동
12,119000010,20010,노량진수산시장.CTS기독교TV,126.93886557540002,37.513480079699995,,서울특별시 동작구 노량진동 40-12,서울특별시 동작구 노량진로 116-2,노량진동
13,119000011,20011,노량진역,126.94381100000001,37.513733,,서울특별시 동작구 노량진동 113-1,서울특별시 동작구 노량진로 161-2,노량진동
14,119000012,20012,노량진역,126.9447114504,37.5138325876,,서울특별시 동작구 노량진동 150-2,서울특별시 동작구 노량진로 170,노량진동
15,119000013,20013,노들역,126.949256,37.512825,,서울특별시 동작구 노량진동 186-1,서울특별시 동작구 노량진로 212,노량진동
16,119000014,20014,노들역,126.95096217860001,37.512734203,,서울특별시 동작구 본동 344-3,서울특별시 동작구 노량진로 224-1,본동
17,119000288,20016,정금마을.방배경찰서,126.98273189209999,37.4941038219,,서울특별시 동작구 동작동 55-3,서울특별시 동작구 동작대로39길 22,동작동
18,119000287,20017,경문고교.배나무골앞,126.9826205249,37.4915383632,,서울특별시 동작구 사당동 79-49,서울특별시 동작구 동작대로 171,사당동
19,119000286,20018,총신대입구역.남성시장입구앞,126.9822243706,37.4882168341,,서울특별시 동작구 사당동 134-1,서울특별시 동작구 동작대로 129,사당동
20,119000285,20019,사당동우체국앞,126.98194512379999,37.4832273743,,서울특별시 동작구 사당동 733-1,서울특별시 동작구 동작대로 75,사당동
21,119000284,20020,방배노인종합복지관,126.9818145731,37.4806790282,,서울특별시 동작구 사당동 345-1,서울특별시 동작구 동작대로 45,사당동
22,119000019,20105,강남중학교앞,126.9219088176,37.5035156222,,서울특별시 동작구 대방동 389-19,서울특별시 동작구 여의대방로 188,대방동
23,119000020,20106,서울지방병무청앞,126.923275,37.506935,,서울특별시 동작구 대방동 501,서울특별시 동작구 여의대방로44길 10,대방동
24,119000021,20107,공군호텔,126.9245410607,37.5100106698,,서울특별시 동작구 대방동 354-1,서울특별시 동작구 알마타길 6,대방동
25,119000022,20108,대방역,126.92636343299999,37.512588133499996,,서울특별시 동작구 대방동 117-7,서울특별시 동작구 노량진로 4,대방동
26,119000023,20111,KT동작지사,126.9356600816,37.5130395413,,서울특별시 동작구 노량진동 28-7,서울특별시 동작구 노량진로 90,노량진동
27,119000024,20114,노량진역,126.9417570377,37.513391430700004,,서울특별시 동작구 노량진동 59-29,서울특별시 동작구 노량진로 142,노량진동
28,119000025,20115,노량진역,126.94334831030001,37.5138535681,,서울특별시 동작구 노량진동 67-3,서울특별시 동작구 노량진로 157,노량진동
29,119000026,20117,사육신공원,126.9461880258,37.5133746093,,서울특별시 동작구 노량진동 148-5,서울특별시 동작구 노량진로 184,노량진동
30,119000027,20119,사육신공원,126.94797700000001,37.513315000000006,,서울특별시 동작구 노량진동 152-3,서울특별시 동작구 노량진로 200,노량진동
31,119000028,20121,노들역,126.95089312540001,37.5128098668,,서울특별시 동작구 본동 344-3,서울특별시 동작구 노량진로 225,본동
32,119000029,20122,노들역,126.95084468030001,37.512509780100004,,서울특별시 동작구 본동 402-1,서울특별시 동작구 노량진로 226,본동
33,119000030,20123,흑석동효사정앞,126.96101000000002,37.511297,,서울특별시 동작구 흑석동 산 4-8,서울특별시 동작구 현충로 52,흑석동
34,119000031,20124,흑석동효사정앞,126.96123753149999,37.5115728985,,서울특별시 동작구 흑석동 172-3,서울특별시 동작구 현충로2길 4,흑석동
35,119000032,20125,흑석역.흑석동빗물펌프장,126.96331033,37.5083232888,,서울특별시 동작구 흑석동 103-4,서울특별시 동작구 서달로 172,흑석동
36,119000033,20126,흑석역.명수대현대아파트,126.96504475280001,37.5074984059,,서울특별시 동작구 흑석동 9-99,서울특별시 동작구 현충로 104,흑석동
37,119000034,20127,흑석역.명수대현대아파트,126.9655921789,37.5075850724,,서울특별시 동작구 흑석동 9-22,서울특별시 동작구 현충로 105,흑석동
38,119000035,20128,흑석동명수대현대아파트,126.96644292959999,37.507269030500005,,서울특별시 동작구 흑석동 10-5,서울특별시 동작구 현충로 115,흑석동
39,119000036,20129,비계,126.9680257853,37.5063016864,,서울특별시 동작구 흑석동 264,서울특별시 동작구 현충로 136,흑석동
40,119000037,20130,비계,126.96858449690001,37.506437001500004,,서울특별시 동작구 흑석동 28-3,서울특별시 동작구 현충로 151,흑석동
41,119000038,20131,흑석동한강현대아파트,126.971748,37.505866999999995,,서울특별시 동작구 흑석동 28-1,서울특별시 동작구 현충로 151,흑석동
42,119000039,20132,흑석동한강현대아파트,126.9711242049,37.5054978005,,서울특별시 동작구 흑석동 274-6,서울특별시 동작구 현충로 160,흑석동
43,119000040,20133,동작역.국립현충원,126.9769231591,37.5024209111,,서울특별시 동작구 동작동 190-6,서울특별시 동작구 현충로 210,동작동
44,119000041,20134,동작역.국립현충원,126.97665259879999,37.503188597,,서울특별시 동작구 동작동 326,서울특별시 동작구 현충로 210,동작동
45,119000048,20141,사당1동관악시장앞,126.9779520334,37.4767900987,,서울특별시 동작구 사당동 1129,서울특별시 동작구 남부순환로 2061,사당동
46,119000049,20142,예술인마을,126.97284508799999,37.4760492272,,서울특별시 동작구 사당동 1129,서울특별시 동작구 남부순환로 2017,사당동
47,119000050,20143,서울공업고등학교,126.9224285174,37.4997142144,,서울특별시 동작구 대방동 401-22,서울특별시 동작구 상도로 16,대방동
48,119000051,20144,서울공업고등학교,126.92157095299999,37.4999614514,,서울특별시 동작구 대방동 466-59,서울특별시 동작구 상도로 7,대방동
49,119000052,20145,대림초등학교,126.9264810316,37.4996077724,,서울특별시 동작구 대방동 404-1,서울특별시 동작구 상도로 56,대방동
50,119000053,20146,대림초등학교,126.92612791299999,37.4998553553,,서울특별시 동작구 대방동 466-60,서울특별시 동작구 상도로 49,대방동
51,119000054,20147,성대시장,126.93090857290001,37.499996116700004,,서울특별시 동작구 상도동 329-2,서울특별시 동작구 상도로 93,상도동
52,119000055,20148,성대시장,126.9315972486,37.5001190674,,서울특별시 동작구 상도동 324-1,서울특별시 동작구 상도로 102,상도동
53,119000056,20149,상도초등학교입구,126.93676556850001,37.5033055411,,서울특별시 동작구 상도동 186-7,서울특별시 동작구 상도로 158,상도동
54,119000057,20150,상도초등학교입구,126.93576826569999,37.502959881,,서울특별시 동작구 상도동 187-2,서울특별시 동작구 상도로 145,상도동
55,119000058,20151,장승배기역,126.9385221188,37.5046761432,,서울특별시 동작구 상도동 26-20,서울특별시 동작구 상도로 177-1,상도동
56,119000059,20152,동작문화복지센터.동작보건소,126.9407908692,37.5049377205,,서울특별시 동작구 상도동 373-72,서울특별시 동작구 상도로 200,상도동
57,119000060,20153,동작문화복지센터.동작보건소,126.94189907360001,37.505277085100005,,서울특별시 동작구 상도동 25-45,서울특별시 동작구 상도로 210,상도동
58,119000061,20154,상도노빌리티아파트,126.9457915425,37.504760801799996,,서울특별시 동작구 상도동 32-10,서울특별시 동작구 상도로 246,상도동
59,119000062,20155,상도노빌리티아파트,126.94686751319999,37.5043269596,,서울특별시 동작구 상도동 34-21,서울특별시 동작구 상도로 257,상도동
60,119000063,20156,상도터널노량진동,126.9543267583,37.512126407800004,,서울특별시 동작구 본동 48-14,서울특별시 동작구 노량진로26길 5,본동
61,119000064,20157,상도터널노량진동,126.9536978866,37.5120063166,,서울특별시 동작구 본동 136-2,서울특별시 동작구 노량진로24길 2,본동
62,119000065,20158,상도터널상도동,126.9496056251,37.504673281399995,,서울특별시 동작구 상도1동 528-1,서울특별시 동작구 양녕로 281,상도1동
63,119000066,20159,상도터널상도동,126.9495190801,37.503858648299996,,서울특별시 동작구 상도1동 628,서울특별시 동작구 양녕로 274,상도1동
64,119000067,20160,상도시장,126.9486225374,37.5016271328,,서울특별시 동작구 상도1동 798-1,서울특별시 동작구 상도로 290,상도1동
65,119000068,20161,상도시장,126.9495197061,37.501249056599995,,서울특별시 동작구 상도1동 390-2,서울특별시 동작구 상도로 295-2,상도1동
66,119000069,20162,상도동중앙하이츠빌.상도전통시장,126.9511850423,37.498813175100004,,서울특별시 동작구 상도동 518-1,서울특별시 동작구 상도로50길 2-5,상도동
67,119000070,20163,상도동중앙하이츠빌.상도전통시장,126.9517743709,37.4986899661,,서울특별시 동작구 상도동 467-3,서울특별시 동작구 상도로 333,상도동
68,119000071,20164,숭실대입구역,126.95286361069999,37.4967449244,,서울특별시 동작구 상도동 475-6,서울특별시 동작구 상도로 356,상도동
69,119000072,20165,숭실대입구역,126.95334915469999,37.4961666089,,서울특별시 동작구 상도동 489-2,서울특별시 동작구 상도로62길 44,상도동
70,119000073,20166,숭실대입구역,126.9537334982,37.496461420799996,,서울특별시 동작구 상도동 511,서울특별시 동작구 상도로 369,상도동
71,119000074,20167,봉현초등학교,126.95606943950001,37.491736024699996,,서울특별시 동작구 상도동 124-211,서울특별시 관악구 성현로 117,상도동
72,119000075,20168,봉천고개.관악현대아파트,126.95659530540001,37.491732614600004,,서울특별시 동작구 상도동 407,서울특별시 관악구 관악로 304,상도동
73,119000076,20169,숭실대정문앞,126.95705500000001,37.49515,,서울특별시 동작구 상도동 505-4,서울특별시 동작구 사당로 24,상도동
74,119000077,20170,숭실대정문앞,126.9572808442,37.4953183557,,서울특별시 동작구 상도동 512-9,서울특별시 동작구 사당로 24-1,상도동
75,119000078,20171,숭실대별관앞,126.9602929082,37.4946390733,,서울특별시 동작구 상도동 509,서울특별시 동작구 사당로 54,상도동
76,119000079,20172,숭실대별관앞,126.9600224599,37.4949300385,,서울특별시 동작구 상도동 512-1,서울특별시 동작구 상도로 369,상도동
77,119000080,20173,사당5치안센터,126.9656493194,37.4890277761,,서울특별시 동작구 사당동 710-2,서울특별시 동작구 사당로 138,사당동
78,119000081,20174,총신대,126.9661798164,37.4887422791,,서울특별시 동작구 사당동 200-1,서울특별시 동작구 사당로 143,사당동
79,119000082,20175,총신대,126.9664052981,37.4877520297,,서울특별시 동작구 사당동 203-5,서울특별시 동작구 사당로 152,사당동
80,119000083,20176,사당중학교,126.9680184267,37.4864269525,,서울특별시 동작구 사당동 213-24,서울특별시 동작구 사당로 172,사당동
81,119000084,20177,사당중학교,126.96817891270001,37.486636953200005,,서울특별시 동작구 사당동 211-2,서울특별시 동작구 사당로 169,사당동
82,119000085,20178,남성역,126.9707465249,37.4849291221,,서울특별시 동작구 사당동 산 25-33,서울특별시 동작구 사당로 202,사당동
83,119000086,20179,남성역,126.9706143064,37.4847155274,,서울특별시 동작구 사당동 712-1,서울특별시 동작구 사당로 202,사당동
84,119000087,20180,사당시장,126.9734201885,37.4835690852,,서울특별시 동작구 사당동 254-1,서울특별시 동작구 사당로 229-1,사당동
85,119000088,20181,사당시장,126.9730387555,37.4835063808,,서울특별시 동작구 사당동 254-1,서울특별시 동작구 사당로 230,사당동
86,119000089,20182,남성초등학교,126.9791100453,37.4841550454,,서울특별시 동작구 사당동 1003-27,서울특별시 동작구 사당로 284,사당동
87,119000090,20183,남성초등학교,126.97903080969999,37.4844460883,,서울특별시 동작구 사당동 152-9,서울특별시 동작구 사당로 283,사당동
88,119000091,20184,이수역9번출구,126.98025766100001,37.4846184107,,서울특별시 동작구 사당동 147-139,서울특별시 동작구 사당로 300,사당동
89,119000092,20185,이수역10번출구,126.9801874958,37.4848328619,,서울특별시 동작구 사당동 144-4,서울특별시 동작구 사당로 293,사당동
90,119000093,20186,신대방삼거리,126.9278411369,37.4977748671,,서울특별시 동작구 신대방동 345-6,서울특별시 동작구 보라매로 95-2,신대방동
91,119000094,20187,신대방삼거리,126.9282287113,37.4981427531,,서울특별시 동작구 신대방동 345-6,서울특별시 동작구 보라매로 98-1,신대방동
92,119000095,20188,보라매병원입구,126.927191,37.494757,,서울특별시 동작구 신대방동 산 115-2,서울특별시 동작구 보라매로 61,신대방동
93,119000097,20190,동작구청.노량진초등학교앞,126.94003660969999,37.510372783600005,,서울특별시 동작구 노량진동 231-124,서울특별시 동작구 장승배기로 143,노량진동
94,119000098,20191,동작구청.노량진초등학교앞,126.94033700000001,37.510453000000005,,서울특별시 동작구 노량진동 236-13,서울특별시 동작구 장승배기로 144,노량진동
95,119000099,20192,장성교회,126.9399682084,37.508211007199996,,서울특별시 동작구 노량진동 309-1,서울특별시 동작구 장승배기로 119,노량진동
96,119000100,20193,청화병원,126.9400798321,37.5072450833,,서울특별시 동작구 노량진동 311-8,서울특별시 동작구 장승배기로 110,노량진동
97,119000101,20194,중앙대학교,126.9613548409,37.5078333672,,서울특별시 동작구 흑석동 102-139,서울특별시 동작구 흑석로 106-3,흑석동
98,119000102,20195,중앙대학교,126.9615071968,37.508509243,,서울특별시 동작구 흑석동 181-19,서울특별시 동작구 흑석로 114,흑석동
99,119000103,20196,중앙대학교,126.96143828139999,37.508345220100004,,서울특별시 동작구 흑석동 182-12,서울특별시 동작구 흑석로 110-1,흑석동
100,119000104,20197,7호선장승배기역.상도2치안센터,126.93913557639999,37.5041718438,,서울특별시 동작구 상도동 26-20,서울특별시 동작구 장승배기로 73,상도동
101,119000105,20198,7호선장승배기역.상도2치안센터,126.93932546100001,37.5043404476,,서울특별시 동작구 상도동 368-50,서울특별시 동작구 장승배기로 76,상도동
102,119000106,20199,상도2동아이파크.포스코더샵아파트,126.9408309246,37.5014793109,,서울특별시 동작구 상도동 204-45,서울특별시 동작구 장승배기로5길 1,상도동
103,119000107,20200,상도2동아이파크.포스코더샵아파트,126.941354801,37.5012155492,,서울특별시 동작구 상도동 201-38,서울특별시 동작구 장승배기로 34,상도동
104,119000108,20201,신상도초등학교,126.94371120870001,37.4990882913,,서울특별시 동작구 상도동 208-4,서울특별시 동작구 장승배기로 3,상도동
105,119000109,20202,중앙대후문,126.9536355983,37.504808294899995,,서울특별시 동작구 흑석동 221-5,서울특별시 동작구 흑석로 84,흑석동
106,119000110,20203,중앙대후문,126.9534310317,37.504550499299995,,서울특별시 동작구 상도동 425-1,서울특별시 동작구 상도로47아길 46,상도동
107,119000111,20204,중앙대정문,126.9579847002,37.5066995321,,서울특별시 동작구 흑석동 221,서울특별시 동작구 흑석로 75,흑석동
108,119000112,20205,중앙대중문,126.9571485651,37.506685326799996,,서울특별시 동작구 흑석동 204-177,서울특별시 동작구 흑석로5길 1-2,흑석동
109,119000113,20206,중앙대정문,126.9587686193,37.507242795,,서울특별시 동작구 흑석동 190-26,서울특별시 동작구 흑석로 83-1,흑석동
110,119000114,20207,신대방역,126.9123158741,37.487379146100004,,서울특별시 동작구 신대방동 702-9,서울특별시 동작구 대림로 8,신대방동
111,119000115,20208,신대방역,126.91225347540001,37.4875530129,,서울특별시 동작구 신대방동 700-4,서울특별시 동작구 대림로 8,신대방동
112,119000116,20209,동작상떼빌아파트,126.90710282239999,37.488253739,,서울특별시 동작구 신대방동 686-74,서울특별시 동작구 대림로 57,신대방동
113,119000117,20210,신대방경남아파트,126.9072269982,37.4884286507,,서울특별시 동작구 신대방동 700,서울특별시 동작구 대림로 56,신대방동
114,119000118,20212,흑석동한강현대아파트,126.9700586746,37.505588546599995,,서울특별시 동작구 흑석동 272,서울특별시 동작구 현충로 152,흑석동
115,119000123,20217,서울특별시.보라매병원,126.9244081275,37.4926623095,,서울특별시 동작구 신대방동 395-61,서울특별시 동작구 보라매로5길 15,신대방동
116,119000124,20219,신상도초등학교,126.9436736712,37.4993739229,,서울특별시 동작구 상도동 208-4,서울특별시 동작구 장승배기로 6,상도동
117,119000125,20220,상도4동약수맨션,126.9436362059,37.498058295,,서울특별시 동작구 상도동 210-386,서울특별시 동작구 양녕로 188,상도동
118,119000126,20221,경향렉스빌.롯데캐슬,126.9429139957,37.4959295429,,서울특별시 동작구 상도동 530-1,서울특별시 동작구 양녕로 170,상도동
119,119000127,20222,경향렉스빌.롯데캐슬,126.9427352625,37.4959853248,,서울특별시 동작구 상도동 210-6,서울특별시 동작구 양녕로 170,상도동
120,119000128,20224,흑석역.명수대현대아파트,126.964640831,37.5077298688,,서울특별시 동작구 흑석동 8-32,서울특별시 동작구 현충로 100,흑석동
121,119000131,20228,상도4동약수맨션,126.9433569275,37.4979590401,,서울특별시 동작구 상도동 210-6,서울특별시 동작구 양녕로 185-1,상도동
122,119000132,20230,동작역.국립현충원,126.97655095530001,37.5027019817,,서울특별시 동작구 동작동 131-1,서울특별시 동작구 현충로 210,동작동
123,119000133,20231,동작역.국립현충원,126.9769173443,37.502939043699996,,서울특별시 동작구 동작동 326,서울특별시 동작구 현충로 210,동작동
124,119000317,20233,래미안상도3차중문,126.95383990030001,37.5000172185,,서울특별시 동작구 상도동 439,서울특별시 동작구 상도로53길 31,상도동
125,119000316,20235,금양빌딩,126.953501942,37.4995065114,,서울특별시 동작구 상도동 439,서울특별시 동작구 상도로53길 25,상도동
126,119000134,20240,동작구청정문,126.94006215520001,37.5123768448,,서울특별시 동작구 노량진동 50-1,서울특별시 동작구 장승배기로 161,노량진동
127,119000135,20241,상도SH빌아파트상도팰리스후문,126.95382025040001,37.5025096559,,서울특별시 동작구 상도동 430,서울특별시 동작구 상도로53길 70,상도동
128,119000136,20242,상도SH빌아파트상도팰리스후문,126.9542926452,37.503141512199996,,서울특별시 동작구 상도동 439,서울특별시 동작구 상도로47사길 14,상도동
129,119000137,20243,상도3차삼성래미안후문,126.9538904122,37.5006110606,,서울특별시 동작구 상도동 431,서울특별시 동작구 상도로53길 8,상도동
130,119000138,20244,상도3차삼성래미안후문,126.9535689972,37.5009407383,,서울특별시 동작구 상도동 439,서울특별시 동작구 상도로53길 41,상도동
131,119000139,20245,상도1동주민센터.상도3차래미안,126.9532186697,37.4986608104,,서울특별시 동작구 상도동 431,서울특별시 동작구 상도로53길 8,상도동
132,119000140,20246,상도1동주민센터.상도3차래미안,126.9532043232,37.498089505500005,,서울특별시 동작구 상도동 439,서울특별시 동작구 상도로53길 9,상도동
133,119000290,20247,노들역앞,126.9522638617,37.5132618801,,서울특별시 동작구 본동 258-19,서울특별시 동작구 노량진로23가길 23,본동
134,119000295,20248,대방역1번출구앞,126.9276883498,37.5131277436,,서울특별시 동작구 대방동 106-5,서울특별시 동작구 노량진로 22,대방동
135,119000291,20249,대방역.여의교앞,126.92733,37.514757,,서울특별시 동작구 대방동 498-1,서울특별시 동작구 여의대방로62길 1,대방동
136,119000294,20250,노들역4번출구앞,126.9533594381,37.5124572784,,서울특별시 동작구 본동 150,서울특별시 동작구 노량진로 248,본동
137,119000293,20251,동작실버센터입구,126.9567458811,37.5130085949,,서울특별시 동작구 본동 5-17,서울특별시 동작구 현충로 6,본동
138,119000296,20252,사당동대아신협앞,126.9761194266,37.4832641869,,서울특별시 동작구 사당동 321-8,서울특별시 동작구 사당로 256,사당동
139,119000302,20253,사당역9번출구앞,126.9813958895,37.47739263,,서울특별시 동작구 사당동 1112,서울특별시 동작구 동작대로 9,사당동
140,119900312,20494,사당솔밭도서관,126.9670560347,37.4840171336,,서울특별시 동작구 사당동 산 32-61,서울특별시 동작구 솔밭로 83,사당동
141,119900311,20495,효주파크빌,126.926749425,37.5027284564,,서울특별시 동작구 대방동 466-10,서울특별시 동작구 대방동2길 43,대방동
142,119900310,20496,남성초등학교입구,126.9769232473,37.4837563501,,서울특별시 동작구 사당동 323-6,서울특별시 동작구 사당로23길 57-14,사당동
143,119900308,20497,벽산아파트,126.92182662319999,37.497733194,,서울특별시 동작구 신대방동 378-10,서울특별시 동작구 여의대방로24길 30,신대방동
144,119900306,20498,정금마을,126.98124255270001,37.4937440545,,서울특별시 동작구 동작동 산 4-2,서울특별시 동작구 동작대로 171,동작동
145,119900307,20499,이수힐스테이트,126.97974057129998,37.4941844461,,서울특별시 동작구 동작동 333-6,서울특별시 동작구 동작대로39가길 31,동작동
146,119900083,20500,사당역10번출구,126.98158107309999,37.478687414899994,,서울특별시 동작구 사당동 1112,서울특별시 동작구 동작대로 25,사당동
147,119900313,20501,현대2차아파트후문,126.931926944,37.510702697,,서울특별시 동작구 대방동 23-2,서울특별시 동작구 등용로 107,대방동
148,119900256,20502,극동상가,126.97409584559999,37.491687286,,서울특별시 동작구 사당동 105,서울특별시 동작구 동작대로29길 119,사당동
149,119900082,20503,삼성래미안.롯데캐슬,126.9709674424,37.4897032286,,서울특별시 동작구 사당동 1133-11,서울특별시 동작구 사당로23바길 9,사당동
150,119900081,20504,자이아파트정문앞,126.96278030049999,37.4891368419,,서울특별시 동작구 사당동 1139-2,서울특별시 동작구 사당로2가길 109,사당동
151,119900080,20505,달마사,126.9609230186,37.4996331671,,서울특별시 동작구 흑석동 산 60-50,서울특별시 동작구 서달로 62,흑석동
152,119900079,20506,상도4동성문교회,126.93950083780001,37.498659988600004,,서울특별시 동작구 상도동 산 65-74,서울특별시 동작구 양녕로25사길 45,상도동
153,119900078,20507,사자암,126.93631897979999,37.4937689308,,서울특별시 동작구 상도동 283-59,서울특별시 동작구 성대로6가길 152,상도동
154,119900156,20508,노들역.노량진교회,126.9545381791,37.5123130172,,서울특별시 동작구 본동 48,서울특별시 동작구 노량진로 252,본동
155,119900077,20509,사당3동주민센터.대림현대아파트,126.9724840951,37.4861568443,,서울특별시 동작구 사당동 169-33,서울특별시 동작구 사당로17길 69,사당동
156,119900076,20510,행복유치원,126.9405489643,37.4963336636,,서울특별시 동작구 상도동 210-399,서울특별시 동작구 양녕로23길 40,상도동
157,119900075,20511,이수역,126.9806261973,37.4850014413,,서울특별시 동작구 사당동 144-4,서울특별시 동작구 사당로 297,사당동
158,119900074,20512,보라매공원,126.9186077623,37.4946906987,,서울특별시 동작구 신대방동 722,서울특별시 동작구 여의대방로20길 33,신대방동
159,119900073,20513,신대방삼거리역,126.9281819736,37.4999673048,,서울특별시 동작구 대방동 393-65,서울특별시 동작구 상도로 69,대방동
160,119900314,20515,현대2차아파트후문,126.9321404098,37.5110632602,,서울특별시 동작구 대방동 23-112,서울특별시 동작구 등용로 110-1,대방동
161,119900257,20516,극동아파트110동,126.97467191530001,37.4903636891,,서울특별시 동작구 사당동 105,서울특별시 동작구 동작대로29길 115,사당동
162,119900258,20517,극동아파트110동,126.97412101489999,37.4908474626,,서울특별시 동작구 사당동 105,서울특별시 동작구 동작대로29길 119,사당동
163,119900071,20518,대림아파트후문,126.97218463709999,37.4886519328,,서울특별시 동작구 사당동 169-25,서울특별시 동작구 사당로23길 137,사당동
164,119900070,20519,자이아파트상가앞,126.963155966,37.4886828031,,서울특별시 동작구 사당동 1139,서울특별시 동작구 사당로2가길 123,사당동
165,119900069,20520,삼성래미안아파트,126.959194006,37.4981241659,,서울특별시 동작구 상도동 421,서울특별시 동작구 상도로55길 47,상도동
166,119900068,20521,충남정육점,126.9399699471,37.4989765149,,서울특별시 동작구 상도동 210-361,서울특별시 동작구 양녕로25바길 48,상도동
167,119900067,20522,당곡중.고등학교,126.9354612976,37.4929709888,,서울특별시 동작구 상도동 산 80-30,서울특별시 동작구 국사봉길 175,상도동
168,119900066,20523,동작실버센터입구,126.9561190848,37.5131885838,,서울특별시 동작구 본동 10-23,서울특별시 동작구 노량진로32길 10,본동
169,119900065,20524,대림프라자,126.9738757634,37.4839260244,,서울특별시 동작구 사당동 708-530,서울특별시 동작구 사당로17길 17,사당동
170,119900315,20526,롯데캐슬,126.9712716065,37.4898234441,,서울특별시 동작구 사당동 1149,서울특별시 동작구 사당로23길 172,사당동
171,119900063,20527,보라매공원입구,126.9178883667,37.4968672659,,서울특별시 동작구 신대방동 722,서울특별시 동작구 여의대방로 112,신대방동
172,119900264,20528,강현중학교,126.9278709369,37.5020677375,,서울특별시 동작구 대방동 466-10,서울특별시 동작구 대방동길 29,대방동
173,119900062,20529,구중앙슈퍼앞,126.93550399200001,37.4946119215,,서울특별시 동작구 상도동 282-7,서울특별시 동작구 국사봉1길 193,상도동
174,119900061,20530,유앤미아파트,126.9603460914,37.5009999769,,서울특별시 동작구 흑석동 79-201,서울특별시 동작구 서달로 83,흑석동
175,119900318,20531,로고스교회,126.93181858870001,37.4976031201,,서울특별시 동작구 상도동 256-151,서울특별시 동작구 국사봉1길 87,상도동
176,119900260,20532,극동아파트112동,126.9763367116,37.4887729056,,서울특별시 동작구 사당동 105,서울특별시 동작구 동작대로29길 119,사당동
177,119900060,20533,삼일공원,126.9738555209,37.4868510064,,서울특별시 동작구 사당동 산 24-17,서울특별시 동작구 사당로23길 84,사당동
178,119900320,20534,사당종합체육관,126.9696348409,37.4925240349,,서울특별시 동작구 사당동 산 21-9,서울특별시 동작구 사당로27길 245,사당동
179,119900059,20535,숭실대후문,126.9610345638,37.495095278600004,,서울특별시 동작구 상도동 512,서울특별시 동작구 서달로 4,상도동
180,119900058,20536,화성목욕탕,126.9406672593,37.4996265622,,서울특별시 동작구 상도동 202-240,서울특별시 동작구 성대로 192,상도동
181,119900057,20537,갑을명가아파트,126.9345740345,37.4936940869,,서울특별시 동작구 상도동 459,서울특별시 동작구 국사봉길 175,상도동
182,119900055,20539,사당시장,126.9751266748,37.4830900688,,서울특별시 동작구 사당동 318-5,서울특별시 동작구 사당로 248,사당동
183,119900054,20540,롯데캐슬아파트,126.9430908619,37.4968433468,,서울특별시 동작구 상도동 217-10,서울특별시 동작구 양녕로 174,상도동
184,119900263,20541,삼거리,126.96830260959999,37.4855998149,,서울특별시 동작구 사당동 226-5,서울특별시 동작구 솔밭로 105,사당동
185,119900053,20542,대방어린이도서관,126.9254812795,37.5029619498,,서울특별시 동작구 대방동 375-74,서울특별시 동작구 대방동길 56,대방동
186,119900052,20543,성심슈퍼,126.93441556959999,37.4951429733,,서울특별시 동작구 상도동 282-28,서울특별시 동작구 국사봉1길 172,상도동
187,119900051,20544,중앙빌리지.동부센트레빌,126.96025636370001,37.5017100155,,서울특별시 동작구 흑석동 250-2,서울특별시 동작구 서달로 91,흑석동
188,119900319,20545,롯데캐슬.샤인,126.9715309051,37.4910601897,,서울특별시 동작구 사당동 산 21-15,서울특별시 동작구 사당로27길 190,사당동
189,119900050,20546,남성초등학교.사당청소년문화의집,126.97484074399999,37.4860104896,,서울특별시 동작구 사당동 산 24-17,서울특별시 동작구 사당로23길 64,사당동
190,119900049,20547,신남성초교후문,126.9645998909,37.4890283675,,서울특별시 동작구 사당동 196,서울특별시 동작구 사당로 146,사당동
191,119900048,20548,장은해그린아파트,126.96265855829999,37.4928971104,,서울특별시 동작구 사당동 산 31-33,서울특별시 동작구 사당로2가길 10-3,사당동
192,119900047,20549,현대아이파크,126.9416027519,37.5008885718,,서울특별시 동작구 상도동 201-38,서울특별시 동작구 장승배기로 26,상도동
193,119900046,20550,영은교회,126.9340950389,37.4943957803,,서울특별시 동작구 상도동 285-25,서울특별시 동작구 국사봉길 155,상도동
194,119900044,20552,이수시너스.이수역7번출구,126.981784401,37.483864431,,서울특별시 동작구 사당동 1112,서울특별시 동작구 동작대로 81,사당동
195,119900043,20554,갑을명가,126.9666767567,37.4825265993,,서울특별시 동작구 사당동 708-743,서울특별시 동작구 사당로8길 73,사당동
196,119900042,20555,성남중고,126.9253134035,37.5045784206,,서울특별시 동작구 대방동 375-1,서울특별시 동작구 대방동길 71,대방동
197,119900041,20556,청운종합복지관,126.93344032200001,37.4955668475,,서울특별시 동작구 상도동 292-56,서울특별시 동작구 국사봉1가길 2,상도동
198,119900040,20557,은로초등학교,126.9609555626,37.503467397899996,,서울특별시 동작구 흑석동 86-188,서울특별시 동작구 서달로 110-1,흑석동
199,119900321,20558,롯데캐슬.샤인,126.9710373786,37.4910878562,,서울특별시 동작구 사당동 176-50,서울특별시 동작구 사당로27길 205,사당동
200,119900039,20559,동작삼일수영장,126.9747984396,37.4873936762,,서울특별시 동작구 사당동 164-72,서울특별시 동작구 사당로23나길 16,사당동
201,119900038,20560,삼거리우편물취급소,126.9770554226,37.4841645764,,서울특별시 동작구 사당동 산 24-33,서울특별시 동작구 사당로23길 57-14,사당동
202,119900037,20561,사당.인정아파트,126.9649635841,37.4899710309,,서울특별시 동작구 사당동 산 31-39,서울특별시 동작구 사당로2길 72,사당동
203,119900034,20564,선재유통,126.9328021506,37.4946581742,,서울특별시 동작구 상도동 293-6,서울특별시 동작구 국사봉길 129,상도동
204,119900033,20565,중앙대병원,126.9607327929,37.507689887,,서울특별시 동작구 흑석동 86-181,서울특별시 동작구 흑석로 101,흑석동
205,119900031,20567,밤골터널,126.945843539,37.5016754522,,서울특별시 동작구 상도동 159-19,서울특별시 동작구 상도로34길 76,상도동
206,119900261,20568,동작고교,126.9664294375,37.4818218649,,서울특별시 동작구 사당동 708-745,서울특별시 동작구 솔밭로 59,사당동
207,119900030,20569,대림아파트후문.성남중.고교,126.92481462719999,37.505674745,,서울특별시 동작구 대방동 375-39,서울특별시 동작구 여의대방로36길 32,대방동
208,119900029,20570,구동사무소,126.9324298965,37.4961096391,,서울특별시 동작구 상도동 292-60,서울특별시 동작구 국사봉1길 125,상도동
209,119900028,20571,중대부속초등학교,126.9610502124,37.5053724551,,서울특별시 동작구 흑석동 228-2,서울특별시 동작구 서달로 134,흑석동
210,119900322,20572,흑석동주민센터,126.9661960945,37.5059319839,,서울특별시 동작구 흑석동 335,서울특별시 동작구 흑석한강로 12,흑석동
211,119900027,20573,국사봉중학교,126.9437280828,37.4931806671,,서울특별시 동작구 상도동 214-437,서울특별시 동작구 양녕로20길 20,상도동
212,119900026,20574,국민은행4번출구,126.9377214725,37.504481085900004,,서울특별시 동작구 상도동 365-19,서울특별시 동작구 상도로15길 126,상도동
213,119900025,20575,빙수골공영주차장,126.932158087,37.4952795673,,서울특별시 동작구 상도동 294-4,서울특별시 동작구 국사봉길 111,상도동
214,119900023,20577,상도역7호선,126.94721021149999,37.5027474813,,서울특별시 동작구 상도1동 736-2,서울특별시 동작구 양녕로 252,상도1동
215,119900022,20578,이수역,126.98046005350001,37.4846860272,,서울특별시 동작구 사당동 147-139,서울특별시 동작구 사당로 300,사당동
216,119900021,20579,성원샹떼빌앞,126.9080420892,37.4877057013,,서울특별시 동작구 신대방동 719,서울특별시 동작구 대림로 43,신대방동
217,119900020,20580,대방동주민센터,126.9262406506,37.5082726182,,서울특별시 동작구 대방동 501-2,서울특별시 동작구 여의대방로44길 20,대방동
218,119900019,20581,빙수골마을공원,126.9321116975,37.4965518983,,서울특별시 동작구 상도동 296-6,서울특별시 동작구 국사봉1길 117,상도동
219,119900018,20582,중앙대병원후문.흑석시장,126.96173876450001,37.5069134676,,서울특별시 동작구 흑석동 332-1,서울특별시 동작구 서달로 151,흑석동
220,119900323,20583,흑석한강푸르지오,126.9656542882,37.5052085384,,서울특별시 동작구 흑석동 335,서울특별시 동작구 흑석한강로 12,흑석동
221,119900017,20584,방범초소,126.94374204379999,37.494168283200004,,서울특별시 동작구 상도동 214-437,서울특별시 동작구 양녕로20길 43,상도동
222,119900016,20585,주택가,126.9368294391,37.5053600875,,서울특별시 동작구 상도동 363-279,서울특별시 동작구 등용로2길 2,상도동
223,119900015,20586,백경세탁소,126.930834755,37.4966448723,,서울특별시 동작구 상도동 298-13,서울특별시 동작구 국사봉길 71,상도동
224,119900014,20587,중앙대중문,126.95728804,37.5067385205,,서울특별시 동작구 흑석동 205-17,서울특별시 동작구 흑석로 84,흑석동
225,119900013,20588,중대후문입구,126.9501363221,37.504345505500005,,서울특별시 동작구 상도1동 637,서울특별시 동작구 양녕로 282,상도1동
226,119900012,20589,신대방1동주민센터,126.90957855639999,37.487040971,,서울특별시 동작구 신대방동 694-13,서울특별시 동작구 대림로 31,신대방동
227,119900265,20590,"주공아파트,남도학숙",126.9289889124,37.5087023253,,서울특별시 동작구 대방동 20-115,서울특별시 동작구 여의대방로44길 46,대방동
228,119900248,20591,상도3동주민센터,126.9312735142,37.4991727218,,서울특별시 동작구 상도동 315-37,서울특별시 동작구 성대로2길 11,상도동
229,119900324,20592,푸르지오상가,126.9647850951,37.503480159,,서울특별시 동작구 흑석동 336-6,서울특별시 동작구 서달로10라길 31-2,흑석동
230,119900266,20593,삼성래미안.동작청소년문화의집,126.93445053200001,37.5056038911,,서울특별시 동작구 상도동 451,서울특별시 동작구 등용로 37,상도동
231,119900011,20594,푸른초장교회,126.93006121280001,37.4978176529,,서울특별시 동작구 상도동 320-9,서울특별시 동작구 국사봉길 41,상도동
232,119900010,20595,중앙대후문,126.9528620174,37.5050011394,,서울특별시 동작구 상도1동 493,서울특별시 동작구 흑석로 19,상도1동
233,119900009,20596,이화약국,126.950537456,37.5049512146,,서울특별시 동작구 상도1동 528-1,서울특별시 동작구 양녕로38길 2,상도1동
234,119900008,20598,숭의여중.고교,126.9299522538,37.5079144369,,서울특별시 동작구 대방동 20-114,서울특별시 동작구 여의대방로36길 79,대방동
235,119900007,20599,현대한의원,126.9325619694,37.5001592705,,서울특별시 동작구 상도동 248-16,서울특별시 동작구 성대로1길 2,상도동
236,119900006,20600,사당문화복지관,126.9694957545,37.485222566,,서울특별시 동작구 사당동 246-7,서울특별시 동작구 사당로 192,사당동
237,119000199,20659,효사정앞,126.9607410136,37.511431261700004,,서울특별시 동작구 흑석동 172-21,서울특별시 동작구 현충로2길 4,흑석동
238,119000200,20660,효사정앞,126.9626136909,37.5103036908,,서울특별시 동작구 흑석동 141-2,서울특별시 동작구 현충로 55,흑석동
239,119900325,20672,청호아파트,126.9634281352,37.5008537917,,서울특별시 동작구 흑석동 327,서울특별시 동작구 서달로2길 29,흑석동
240,119900005,20673,사회복지관앞,126.9330780951,37.506067189,,서울특별시 동작구 대방동 5-23,서울특별시 동작구 등용로 49,대방동
241,119900004,20674,7호선신대방삼거리역2번출구.국민은행,126.9287042558,37.498774714,,서울특별시 동작구 상도동 328-19,서울특별시 동작구 국사봉1길 4,상도동
242,119900003,20675,대림프라자,126.97458038049999,37.4834954499,,서울특별시 동작구 사당동 708-395,서울특별시 동작구 사당로17길 2,사당동
243,119900002,20676,상도국주도서관.터널경로당,126.9512512508,37.5065716922,,서울특별시 동작구 상도1동 535-1,서울특별시 동작구 매봉로 36,상도1동
244,119900326,20680,흑석역,126.9644902886,37.5078204008,,서울특별시 동작구 흑석동 8-33,서울특별시 동작구 현충로 98,흑석동
245,119900249,20681,동광교회,126.9344857415,37.5015543584,,서울특별시 동작구 상도동 242-62,서울특별시 동작구 성대로1길 24,상도동
246,119900001,20682,남성역,126.9721558071,37.4840644018,,서울특별시 동작구 사당동 254-5,서울특별시 동작구 사당로 218-1,사당동
247,119900206,20684,대방목욕탕,126.9323905778,37.5071048664,,서울특별시 동작구 대방동 11-29,서울특별시 동작구 등용로 68,대방동
248,119900205,20686,건영아파트,126.9515987872,37.507882937699996,,서울특별시 동작구 상도1동 507-2,서울특별시 동작구 매봉로 70,상도1동
249,119900204,20694,갯마을,126.98266352120001,37.4963331417,,서울특별시 동작구 동작동 102-65,서울특별시 동작구 동작대로43길 1,동작동
250,119900203,20695,현대아파트,126.9320467559,37.512052615,,서울특별시 동작구 대방동 23-147,서울특별시 동작구 등용로 122,대방동
251,119900202,20697,경문고등학교,126.9823279572,37.490128993,,서울특별시 동작구 사당동 82-5,서울특별시 동작구 동작대로 151,사당동
252,119900201,20698,삼거리우편물취급소,126.9772691231,37.4842177829,,서울특별시 동작구 사당동 155-25,서울특별시 동작구 사당로23길 2,사당동
253,119900309,20699,밤골.상도역,126.94559436440001,37.5021520208,,서울특별시 동작구 상도동 159-278,서울특별시 동작구 상도로34길 62,상도동
254,119900200,20700,남부교회,126.93228709120001,37.5089709879,,서울특별시 동작구 대방동 17-21,서울특별시 동작구 등용로 86-1,대방동
255,119900199,20701,정금마을,126.9824785209,37.494291214099995,,서울특별시 동작구 동작동 66-29,서울특별시 동작구 동작대로39길 22,동작동
256,119900198,20702,동작고등학교,126.96644424870001,37.4815722629,,서울특별시 동작구 사당동 238-3,서울특별시 동작구 솔밭로 60,사당동
257,119900197,20703,KT동작지사,126.9344730609,37.512180139899996,,서울특별시 동작구 대방동 45-14,서울특별시 동작구 등용로4길 139,대방동
258,119900246,20704,7호선장승배기역2번출구,126.9389672411,37.503932063899995,,서울특별시 동작구 상도동 364-31,서울특별시 동작구 상도로26길 22,상도동
259,119900196,20705,총신대역,126.98197235049999,37.487565297399996,,서울특별시 동작구 사당동 134-1,서울특별시 동작구 동작대로 121-2,사당동
260,119900195,20706,남성초등학교.사당청소년문화의집,126.9749763981,37.4861375742,,서울특별시 동작구 사당동 708-642,서울특별시 동작구 사당로23길 64,사당동
261,119900194,20725,동원베네스트,126.9451749249,37.5034539195,,서울특별시 동작구 상도동 157-40,서울특별시 동작구 상도로36길 39,상도동
262,119900193,20726,신동아정문,126.95125231719999,37.5101499659,,서울특별시 동작구 본동 481-2,서울특별시 동작구 매봉로 134,본동
263,119900192,20727,천주교,126.9670879553,37.4834269187,,서울특별시 동작구 사당동 235-70,서울특별시 동작구 솔밭로 80,사당동
264,119900191,20728,해태타워앞,126.92466074389999,37.4910939039,,서울특별시 동작구 신대방동 708,서울특별시 관악구 보라매로3길 29,신대방동
265,119900190,20729,경성의원.LG전자앞,126.935954556,37.5126188873,,서울특별시 동작구 노량진동 263-9,서울특별시 동작구 노량진로6길 9,노량진동
266,119900189,20730,상도2동주민센터,126.9417827452,37.5050526535,,서울특별시 동작구 상도동 170-1,서울특별시 동작구 상도로 208,상도동
267,119900188,20731,동작상도국주도서관,126.95064175559999,37.5063056141,,서울특별시 동작구 상도1동 528-1,서울특별시 동작구 매봉로 29,상도1동
268,119900187,20732,삼일공원,126.97401605469999,37.486972690900004,,서울특별시 동작구 사당동 1159-2,서울특별시 동작구 사당로23길 84,사당동
269,119900247,20740,부강탕,126.94599089729999,37.5043671116,,서울특별시 동작구 상도동 29-7,서울특별시 동작구 상도로34길 7,상도동
270,119900186,20741,대방역1번출구,126.9274282269,37.5130699136,,서울특별시 동작구 대방동 106-5,서울특별시 동작구 노량진로 22,대방동
271,119900185,20745,극동아파트앞,126.951363704,37.5110727392,,서울특별시 동작구 본동 481-1,서울특별시 동작구 매봉로 147,본동
272,119900184,20746,이수역,126.981914921,37.4865587547,,서울특별시 동작구 사당동 708-500,서울특별시 동작구 동작대로 111-2,사당동
273,119900183,20747,삼거리,126.9684496405,37.485534974699995,,서울특별시 동작구 사당동 224-26,서울특별시 동작구 솔밭로 106,사당동
274,119900272,20748,전문건설회관.보라매병원,126.9249580304,37.4923592428,,서울특별시 동작구 신대방동 706,서울특별시 동작구 보라매로5길 15,신대방동
275,119900182,20751,대림아파트후문,126.9725906795,37.4884618946,,서울특별시 동작구 사당동 1159-2,서울특별시 동작구 사당로17길 52,사당동
276,119900181,20756,상도브라운스톤,126.9438049608,37.505286117,,서울특별시 동작구 상도동 26-20,서울특별시 동작구 상도로31길 19,상도동
277,119000279,20782,흑석동,126.9654484836,37.5076760417,,서울특별시 동작구 흑석동 9-22,서울특별시 동작구 현충로 105,흑석동
278,119000280,20783,흑석역.명수현대아파트,126.965093411,37.5074560685,,서울특별시 동작구 흑석동 9-99,서울특별시 동작구 현충로 106,흑석동
279,119900254,20787,노들역5번출구,126.9521592788,37.512290451300004,,서울특별시 동작구 본동 163-8,서울특별시 동작구 매봉로 178,본동
280,119900180,20789,대림아파트,126.9466710231,37.5051800181,,서울특별시 동작구 상도동 903,서울특별시 동작구 만양로 3,상도동
281,119900244,20790,상도역.하나은행,126.9473327434,37.5038198475,,서울특별시 동작구 상도1동 691-1,서울특별시 동작구 상도로 265,상도1동
282,119900179,20791,봉천고개관악현대아파트,126.9566324017,37.4921183007,,서울특별시 동작구 상도동 407-1,서울특별시 동작구 상도로 421,상도동
283,119900178,20792,동작삼일수영장,126.9747872044,37.487176507600005,,서울특별시 동작구 사당동 164-56,서울특별시 동작구 사당로23나길 10,사당동
284,119900177,20794,동작고교.사당5동주민센터,126.96748752129999,37.4850994802,,서울특별시 동작구 사당동 산 32-95,서울특별시 동작구 솔밭로 97-6,사당동
285,119900175,20799,건영아파트,126.9480737431,37.5068731083,,서울특별시 동작구 노량진동 324,서울특별시 동작구 만양로 26,노량진동
286,119900174,20801,우성201동.극동112동,126.97602061280001,37.4881706827,,서울특별시 동작구 사당동 105,서울특별시 동작구 동작대로29길 91,사당동
287,119900173,20802,삼호APT.오네뜨아파트,126.9656301015,37.4865452277,,서울특별시 동작구 사당동 708-533,서울특별시 동작구 사당로2가길 188,사당동
288,119900172,20803,상도감리교회,126.9415426118,37.5054913714,,서울특별시 동작구 상도동 536-2,서울특별시 동작구 상도로 207,상도동
289,119900171,20804,남부교회,126.9320719695,37.5091952385,,서울특별시 동작구 대방동 17-5,서울특별시 동작구 등용로 89,대방동
290,119900170,20805,도시가스.두산아파트,126.94470209049999,37.505053155,,서울특별시 동작구 상도동 31-9,서울특별시 동작구 상도로 236,상도동
291,119000312,20806,핸드픽트호텔,126.93343293209999,37.501295738,,서울특별시 동작구 상도동 354-7,서울특별시 동작구 상도로 120,상도동
292,119000313,20807,핸드픽트호텔,126.9332745541,37.501447579,,서울특별시 동작구 상도동 354-7,서울특별시 동작구 상도로 119,상도동
293,119900169,20808,7호선신대방삼거리역4번출구,126.92674434610001,37.4998232995,,서울특별시 동작구 대방동 406-10,서울특별시 동작구 상도로 55,대방동
294,119900168,20809,우성아파트,126.94711916620001,37.5083531944,,서울특별시 동작구 노량진동 215-179,서울특별시 동작구 만양로 46,노량진동
295,119900253,20810,숭실대입구역2번출구,126.95345323459999,37.496115287100004,,서울특별시 동작구 상도동 489-5,서울특별시 동작구 상도로 364-1,상도동
296,119900167,20811,시장입구,126.977157838,37.4894721027,,서울특별시 동작구 사당동 105-2,서울특별시 동작구 동작대로29길 110,사당동
297,119900262,20812,신남성초교입구,126.9645031705,37.4879028591,,서울특별시 동작구 사당동 708-535,서울특별시 동작구 사당로2가길 151,사당동
298,119900166,20813,새소망교회,126.9420033988,37.506397205700004,,서울특별시 동작구 노량진동 326,서울특별시 동작구 만양로 19,노량진동
299,119900165,20814,대방목욕탕,126.9322287745,37.5071633453,,서울특별시 동작구 대방동 11-4,서울특별시 동작구 등용로 65,대방동
300,119900164,20815,본동초등학교,126.9535550176,37.5107266973,,서울특별시 동작구 본동 135-52,서울특별시 동작구 노량진로26길 16-38,본동
301,119900163,20818,코오롱하늘채아파트,126.9240090902,37.4991700746,,서울특별시 동작구 대방동 466-11,서울특별시 동작구 여의대방로24마길 13,대방동
302,119900162,20819,강남교회.오거리,126.9449289949,37.5102778468,,서울특별시 동작구 노량진동 223-27,서울특별시 동작구 만양로 76,노량진동
303,119900161,20820,봉천고개현대아파트,126.9561179839,37.4918793182,,서울특별시 동작구 상도동 124,서울특별시 동작구 상도로68길 29,상도동
304,119900160,20822,신동아아파트,126.9765786726,37.4900072452,,서울특별시 동작구 사당동 105-2,서울특별시 동작구 동작대로29길 118,사당동
305,119900159,20823,LG아파트상가,126.96356084799999,37.4886009282,,서울특별시 동작구 사당동 708-535,서울특별시 동작구 사당로2가길 102,사당동
306,119900158,20824,신동아아파트701동앞,126.9432253093,37.5074809233,,서울특별시 동작구 노량진동 325,서울특별시 동작구 만양로 19,노량진동
307,119900157,20825,사회복지관앞,126.9330952089,37.505902297,,서울특별시 동작구 대방동 5-24,서울특별시 동작구 등용로 49,대방동
308,119900155,20828,동작우체국,126.92388153629999,37.4978102285,,서울특별시 동작구 신대방동 349-35,서울특별시 동작구 여의대방로22길 73,신대방동
309,119900259,20829,테니스장.우성아파트304동,126.97593614549999,37.490618965799996,,서울특별시 동작구 사당동 105,서울특별시 동작구 동작대로29길 119,사당동
310,119900154,20830,자이아파트정문앞,126.9628435447,37.4893053683,,서울특별시 동작구 사당동 190-199,서울특별시 동작구 사당로2가길 107,사당동
311,119900153,20832,신동아관리사무소,126.9440017764,37.5083076038,,서울특별시 동작구 노량진동 325,서울특별시 동작구 만양로 19,노량진동
312,119900152,20833,삼성래미안.동작청소년문화의집,126.9348170675,37.5055356102,,서울특별시 동작구 상도동 450,서울특별시 동작구 등용로 37,상도동
313,119900151,20834,대방역2번출구앞,126.92758800889999,37.5127789562,,서울특별시 동작구 대방동 340-4,서울특별시 동작구 노량진로 20-2,대방동
314,119900150,20836,경성의원.LG전자앞,126.9359804244,37.5127937149,,서울특별시 동작구 노량진동 261-16,서울특별시 동작구 등용로14길 84,노량진동
315,119900149,20837,노량진역,126.941453612,37.5137237868,,서울특별시 동작구 노량진동 60-11,서울특별시 동작구 노량진로 142,노량진동
316,119900148,20839,신동아상가,126.9463253599,37.5079978025,,서울특별시 동작구 노량진동 325,서울특별시 동작구 만양로 19,노량진동
317,119900147,20840,주택가,126.93647980850001,37.5055040763,,서울특별시 동작구 상도동 363-277,서울특별시 동작구 등용로 17-1,상도동
318,119900146,20842,예스플러스,126.92249424719999,37.5039638554,,서울특별시 동작구 대방동 389-3,서울특별시 동작구 여의대방로36길 4,대방동
319,119900145,20843,KT동작전화국,126.9345611292,37.5123694199,,서울특별시 동작구 대방동 45-38,서울특별시 동작구 등용로14길 57,대방동
320,119900144,20844,9호선노량진역.동작구청,126.94008879399999,37.5130148375,,서울특별시 동작구 노량진동 55-2,서울특별시 동작구 장승배기로 171,노량진동
321,119900143,20845,숭실대후문,126.9611601225,37.4950484626,,서울특별시 동작구 상도동 103-2,서울특별시 동작구 서달로 4,상도동
322,119900142,20846,건영아파트,126.9475588033,37.5072747721,,서울특별시 동작구 노량진동 325,서울특별시 동작구 만양로 19,노량진동
323,119900141,20847,국민은행,126.9375688275,37.5044197304,,서울특별시 동작구 상도동 366-5,서울특별시 동작구 상도로 169,상도동
324,119900140,20848,테니스장앞,126.9593670537,37.498111610100004,,서울특별시 동작구 상도동 421-2,서울특별시 동작구 상도로55길 47,상도동
325,119900139,20850,숭의여중고교.공군항공안전단,126.9296959851,37.5073826349,,서울특별시 동작구 대방동 15-10,서울특별시 동작구 여의대방로36길 79,대방동
326,119900138,20851,7호선장승배기역5번출구,126.938975342,37.5050962917,,서울특별시 동작구 상도동 26-71,서울특별시 동작구 상도로15길 143,상도동
327,119900136,20854,현명약국,126.93650667700001,37.504496659000004,,서울특별시 동작구 상도동 26-71,서울특별시 동작구 상도로15길 104,상도동
328,119900135,20855,화성목욕탕,126.9406660106,37.4997752435,,서울특별시 동작구 상도동 202-68,서울특별시 동작구 성대로31길 2,상도동
329,119900134,20856,본동시장,126.9519737943,37.5122399144,,서울특별시 동작구 본동 163-5,서울특별시 동작구 매봉로 177,본동
330,119900133,20857,성원아파트,126.92541889700001,37.508821774,,서울특별시 동작구 대방동 503-2,서울특별시 동작구 여의대방로44길 9,대방동
331,119900132,20858,충남정육점,126.9399946942,37.499145033699996,,서울특별시 동작구 상도동 202-68,서울특별시 동작구 성대로29길 2,상도동
332,119900131,20859,극동아파트,126.95120983870001,37.511110521999996,,서울특별시 동작구 본동 148-9,서울특별시 동작구 매봉로 147,본동
333,119900267,20861,대방동주민센터,126.9260562457,37.5083022393,,서울특별시 동작구 대방동 501-4,서울특별시 동작구 여의대방로44길 10,대방동
334,119900130,20862,쌍용아파트,126.93298603,37.5015039566,,서울특별시 동작구 상도동 345-12,서울특별시 동작구 상도로15길 11,상도동
335,119900129,20864,삼성래미안아파트,126.9510847768,37.5103454356,,서울특별시 동작구 본동 148-9,서울특별시 동작구 매봉로 135,본동
336,119900128,20865,대림아파트후문.성남중.고교,126.92499201860001,37.505865891300004,,서울특별시 동작구 대방동 466-56,서울특별시 동작구 여의대방로44길 10,대방동
337,119900127,20866,성대시장,126.9322601215,37.500011316999995,,서울특별시 동작구 상도동 320-5,서울특별시 동작구 성대로2길 1,상도동
338,119900126,20867,노량진역,126.9432478962,37.5135038929,,서울특별시 동작구 노량진동 72-48,서울특별시 동작구 노량진로 156,노량진동
339,119900125,20868,강현중학교.동작청소년문화의집,126.9344823353,37.502863658,,서울특별시 동작구 상도동 188-45,서울특별시 동작구 상도로15길 51,상도동
340,119900124,20869,한신아파트,126.95125889,37.508739745300005,,서울특별시 동작구 본동 457-283,서울특별시 동작구 매봉로 99,본동
341,119900123,20870,대방교회,126.92303941729999,37.5039714206,,서울특별시 동작구 대방동 388-1,서울특별시 동작구 대방동23길 41,대방동
342,119900122,20871,계령약국,126.933113657,37.4991701735,,서울특별시 동작구 상도동 320-20,서울특별시 동작구 성대로 32,상도동
343,119900121,20872,건영아파트후문,126.95150269049999,37.5078063047,,서울특별시 동작구 상도1동 508-1,서울특별시 동작구 매봉로 65,상도1동
344,119900268,20873,홍원사,126.9241422416,37.503945100900005,,서울특별시 동작구 대방동 466-10,서울특별시 동작구 대방동23길 21,대방동
345,119900120,20874,강남교회.오거리,126.9447876219,37.5102462423,,서울특별시 동작구 노량진동 224-10,서울특별시 동작구 만양로 75-3,노량진동
346,119900245,20875,상도국주도서관.터널경로당,126.95095378799999,37.5065409316,,서울특별시 동작구 상도1동 528-1,서울특별시 동작구 매봉로 29,상도1동
347,119900119,20876,영동슈퍼,126.92411052950001,37.5028691648,,서울특별시 동작구 대방동 466-10,서울특별시 동작구 대방동15길 12,대방동
348,119900118,20877,사거리,126.9367943174,37.496036362,,서울특별시 동작구 상도동 279-120,서울특별시 동작구 성대로12길 48,상도동
349,119900117,20878,우성아파트,126.9469766782,37.5083026689,,서울특별시 동작구 노량진동 217-30,서울특별시 동작구 만양로 47,노량진동
350,119900116,20880,범한택시,126.9240183662,37.500061271,,서울특별시 동작구 대방동 466-10,서울특별시 동작구 대방동27길 114,대방동
351,119900115,20881,제일성민교회,126.9373309289,37.495391458,,서울특별시 동작구 상도동 279-20,서울특별시 동작구 양녕로23길 110,상도동
352,119900114,20882,신동아리버파크,126.94771079120001,37.5066765081,,서울특별시 동작구 상도동 17-74,서울특별시 동작구 만양로 26,상도동
353,119900113,20883,안일약국,126.934555783,37.4977616565,,서울특별시 동작구 상도동 259-4,서울특별시 동작구 성대로 72,상도동
354,119900112,20884,상도역7호선,126.9470766344,37.5029069167,,서울특별시 동작구 상도1동 751-1,서울특별시 동작구 양녕로 251,상도1동
355,119900111,20886,동작하이슈퍼,126.93663917,37.4949423396,,서울특별시 동작구 상도동 279-20,서울특별시 동작구 양녕로23길 125,상도동
356,119900110,20887,대림아파트,126.9466416761,37.5053838502,,서울특별시 동작구 상도동 17-1,서울특별시 동작구 만양로 5,상도동
357,119900109,20888,밤골,126.9458004624,37.5018096967,,서울특별시 동작구 상도동 159-19,서울특별시 동작구 상도로34길 74,상도동
358,119900108,20890,상도역,126.9489458159,37.5035799614,,서울특별시 동작구 상도1동 665-2,서울특별시 동작구 양녕로 268-1,상도1동
359,119900107,20891,약수맨션.약수당약국,126.9433569275,37.498073951900004,,서울특별시 동작구 상도동 210-207,서울특별시 동작구 양녕로 187,상도동
360,119900106,20892,현진빌라.고마트,126.9430023671,37.4972109542,,서울특별시 동작구 상도동 210-6,서울특별시 동작구 양녕로 177,상도동
361,119900105,20893,중앙대후문,126.95398158540002,37.5050129803,,서울특별시 동작구 흑석동 211-39,서울특별시 동작구 흑석로 27,흑석동
362,119900104,20894,건영아파트,126.9476344677,37.5074478171,,서울특별시 동작구 노량진동 329,서울특별시 동작구 만양로 35,노량진동
363,119900255,20896,중앙대중문,126.9573559193,37.506489350100004,,서울특별시 동작구 흑석동 221,서울특별시 동작구 흑석로 84,흑석동
364,119900103,20897,신동아상가,126.9460741526,37.50813015,,서울특별시 동작구 노량진동 329,서울특별시 동작구 만양로3길 20,노량진동
365,119900101,20898,중앙대정문,126.95822334100001,37.5067437707,,서울특별시 동작구 흑석동 221,서울특별시 동작구 흑석로 77,흑석동
366,119900102,20899,신동아관리사무소,126.9445445828,37.5084979923,,서울특별시 동작구 노량진동 329,서울특별시 동작구 만양로13가길 34,노량진동
367,119900100,20901,중앙대병원,126.9613764833,37.5075405164,,서울특별시 동작구 흑석동 224-8,서울특별시 동작구 흑석로 106-9,흑석동
368,119900099,20902,신동아아파트701동앞,126.94297192040001,37.5075024276,,서울특별시 동작구 노량진동 329-5,서울특별시 동작구 만양로 19,노량진동
369,119900098,20903,보라매어린이집.문창중학교,126.9231095274,37.497660689499995,,서울특별시 동작구 신대방동 360-230,서울특별시 동작구 여의대방로22길 60,신대방동
370,119900097,20904,중앙대병원후문.흑석시장,126.96126958290002,37.5064627639,,서울특별시 동작구 흑석동 86-181,서울특별시 동작구 서달로 146,흑석동
371,119900096,20906,새소망교회,126.9415658051,37.506209560900004,,서울특별시 동작구 노량진동 329-3,서울특별시 동작구 만양로 19,노량진동
372,119900095,20907,동작우체국,126.92450705040001,37.4977295307,,서울특별시 동작구 신대방동 361-57,서울특별시 동작구 여의대방로22길 80,신대방동
373,119900094,20908,중앙대부속초등학교,126.9608329535,37.5051703151,,서울특별시 동작구 흑석동 231-3,서울특별시 동작구 서달로 130,흑석동
374,119900093,20909,신대방삼거리역.성대시장,126.9279311823,37.4982254734,,서울특별시 동작구 신대방동 345-6,서울특별시 동작구 보라매로 101,신대방동
375,119900092,20910,은로초등학교,126.9607814881,37.5032573835,,서울특별시 동작구 흑석동 86-191,서울특별시 동작구 서달로 115,흑석동
376,119900091,20912,중앙빌리지.동부센트레빌,126.96024264399999,37.5019875504,,서울특별시 동작구 흑석동 79-256,서울특별시 동작구 서달로 91,흑석동
377,119900090,20913,부강탕,126.9459783256,37.5045473263,,서울특별시 동작구 상도동 29-8,서울특별시 동작구 상도로34길 6,상도동
378,119900089,20914,유앤미아파트,126.96010753190001,37.5008349948,,서울특별시 동작구 흑석동 79-291,서울특별시 동작구 서달로 83,흑석동
379,119900088,20915,동원베네스트,126.94476453040001,37.5032059252,,서울특별시 동작구 상도동 157-10,서울특별시 동작구 상도로34길 40,상도동
380,119900087,20916,전문건설회관.보라매병원,126.9246888575,37.4923779947,,서울특별시 동작구 신대방동 395-61,서울특별시 동작구 보라매로5길 15,신대방동
381,119900086,20917,동양아파트,126.9598345242,37.4995265014,,서울특별시 동작구 흑석동 328-6,서울특별시 동작구 서달로1길 17,흑석동
382,119900085,20918,밤골,126.9455074093,37.501965452600004,,서울특별시 동작구 상도동 159-14,서울특별시 동작구 상도로34길 70,상도동
383,119900084,20919,아카데미타워,126.9244163541,37.491212693499996,,서울특별시 동작구 신대방동 395-69,서울특별시 동작구 보라매로5가길 16,신대방동
384,119900242,20921,신대방역,126.91293324819999,37.4874273612,,서울특별시 동작구 신대방동 643-1,서울특별시 동작구 대림로 2-2,신대방동
385,119900241,20922,빌라삼거리.영도교회.약수터,126.9436054409,37.4953540701,,서울특별시 동작구 상도동 214-211,서울특별시 동작구 양녕로22가길 25,상도동
386,119900271,20923,신대방1동주민센터,126.9097457115,37.4872123087,,서울특별시 동작구 신대방동 700-2,서울특별시 동작구 대림로 30,신대방동
387,119900240,20924,방범초소,126.9436276916,37.4943394383,,서울특별시 동작구 상도동 214-1,서울특별시 동작구 양녕로20길 43,상도동
388,119900238,20926,국사봉중학교,126.94357299469999,37.4933842425,,서울특별시 동작구 상도동 산 65-244,서울특별시 동작구 양녕로20길 20,상도동
389,119900237,20927,신대방우성아파트앞,126.9103818246,37.4933430025,,서울특별시 동작구 신대방동 565-21,서울특별시 동작구 여의대방로 8,신대방동
390,119900236,20928,교수아파트,126.91342283600001,37.496296383,,서울특별시 동작구 신대방동 710,서울특별시 동작구 여의대방로10길 14,신대방동
391,119900235,20929,보라매공원입구,126.91738994299999,37.496565049000004,,서울특별시 동작구 신대방동 385-2,서울특별시 동작구 여의대방로16길 1,신대방동
392,119900234,20930,보라매공원,126.9182547291,37.4944473311,,서울특별시 동작구 신대방동 722,서울특별시 동작구 여의대방로20길 33,신대방동
393,119900233,20931,삼일초등학교앞,126.9756632895,37.4881057301,,서울특별시 동작구 사당동 105-22,서울특별시 동작구 사당로23나길 34,사당동
394,119900232,20932,동작경희병원,126.9360217143,37.502852787399995,,서울특별시 동작구 상도동 188-31,서울특별시 동작구 상도로 150,상도동
395,119900231,20933,신동아상가,126.95140705729999,37.5087596306,,서울특별시 동작구 본동 481-2,서울특별시 동작구 매봉로 134,본동
396,119900230,20934,현대아파트,126.9318316132,37.5122894805,,서울특별시 동작구 대방동 23-2,서울특별시 동작구 등용로 123,대방동
397,119900229,20938,장성교회,126.9398308583,37.5074026495,,서울특별시 동작구 노량진동 230-44,서울특별시 동작구 장승배기로 109-1,노량진동
398,119900228,20939,숭의여중고교.공군항공안전단,126.9301467298,37.5079992556,,서울특별시 동작구 대방동 503-2,서울특별시 동작구 여의대방로44길 47,대방동
399,119900269,20940,대방동주공아파트,126.9288799898,37.5090527881,,서울특별시 동작구 대방동 503,서울특별시 동작구 여의대방로44길 46,대방동
400,119900227,20941,노량진신한은행,126.9441708438,37.5121553851,,서울특별시 동작구 노량진동 118-14,서울특별시 동작구 노량진로16길 31,노량진동
401,119900226,20942,노량진한국법학교육원,126.9443313266,37.512353703,,서울특별시 동작구 노량진동 118-5,서울특별시 동작구 만양로 100,노량진동
402,119900225,20943,7호선신대방삼거리역2번출구.국민은행,126.92866592280001,37.4986476354,,서울특별시 동작구 신대방동 355-26,서울특별시 동작구 국사봉길 12,신대방동
403,119900224,20944,푸른초장교회,126.93002511889999,37.4977131036,,서울특별시 동작구 신대방동 348-85,서울특별시 동작구 국사봉길 42,신대방동
404,119900223,20945,백경세탁소,126.93071492280001,37.4965907359,,서울특별시 동작구 상도동 299-38,서울특별시 동작구 국사봉길 74,상도동
405,119900222,20946,빙수골공영주차장,126.9320110465,37.4952993071,,서울특별시 동작구 상도동 299-13,서울특별시 동작구 국사봉12길 11,상도동
406,119900221,20947,선재유통,126.9327547444,37.4945545203,,서울특별시 동작구 상도동 299-156,서울특별시 동작구 국사봉16길 4,상도동
407,119900220,20948,영은교회,126.9339921386,37.494379503000005,,서울특별시 동작구 상도동 287-38,서울특별시 동작구 국사봉길 158-2,상도동
408,119900219,20949,갑을명가아파트,126.93448024930001,37.493601221300004,,서울특별시 동작구 상도동 286-4,서울특별시 동작구 국사봉길 175,상도동
409,119900218,20950,당곡중.고등학교,126.93549981129999,37.4928980204,,서울특별시 동작구 상도동 산 80-32,서울특별시 동작구 국사봉1길 235-1,상도동
410,119900217,20951,사자암,126.936404974,37.4937167132,,서울특별시 동작구 상도동 283-142,서울특별시 동작구 성대로6가길 155,상도동
411,119900216,20952,동작하이슈퍼,126.9367296655,37.4949180583,,서울특별시 동작구 상도동 279-451,서울특별시 동작구 양녕로23길 125,상도동
412,119900215,20953,제일성민교회,126.9374010926,37.495337429,,서울특별시 동작구 상도동 279-435,서울특별시 동작구 성대로12길 66,상도동
413,119900214,20954,보문사,126.93864562200001,37.4961202394,,서울특별시 동작구 상도동 279-456,서울특별시 동작구 양녕로23길 81,상도동
414,119900213,20955,동아아파트,126.94015073850001,37.4963534961,,서울특별시 동작구 상도동 409,서울특별시 동작구 양녕로23길 43,상도동
415,119900212,20956,행복유치원,126.94124937149999,37.4957521106,,서울특별시 동작구 상도동 210-486,서울특별시 동작구 양녕로23길 25,상도동
416,119900211,20957,동아아파트,126.9401042223,37.4965372976,,서울특별시 동작구 상도동 215-16,서울특별시 동작구 양녕로23길 52-6,상도동
417,119900210,20958,보문사,126.9385856267,37.496186889899995,,서울특별시 동작구 상도동 279-458,서울특별시 동작구 양녕로23길 82,상도동
418,119900209,20959,사당1동주민센터입구,126.9787425623,37.484087396999996,,서울특별시 동작구 사당동 1003-49,서울특별시 동작구 사당로 280,사당동
419,119900208,20960,노들역5번출구앞,126.9528141317,37.5124682315,,서울특별시 동작구 본동 150,서울특별시 동작구 노량진로24길 2,본동
420,119900296,20966,청호아파트,126.96365566200001,37.5006342927,,서울특별시 동작구 흑석동 산 70-3,서울특별시 동작구 서달로2길 30,흑석동
421,119900295,20967,푸르지오후문,126.96440323370001,37.501509754699995,,서울특별시 동작구 흑석동 336,서울특별시 동작구 흑석한강로 27,흑석동
422,119900294,20968,푸르지오상가,126.9646113125,37.5031684826,,서울특별시 동작구 흑석동 336-7,서울특별시 동작구 서달로10라길 27,흑석동
423,119900293,20969,흑석한강푸르지오,126.96592472,37.505120655700004,,서울특별시 동작구 흑석동 336,서울특별시 동작구 흑석한강로 12,흑석동
424,119900292,20970,흑석동주민센터,126.9664605238,37.505866921300004,,서울특별시 동작구 흑석동 335-4,서울특별시 동작구 흑석한강로 11,흑석동
425,119900299,20971,대방중학교,126.9143748768,37.4955041062,,서울특별시 동작구 신대방동 492-200,서울특별시 동작구 여의대방로10길 24,신대방동
426,119900291,20972,상도감리교회.보건소,126.9413118652,37.505494861399995,,서울특별시 동작구 상도동 25-54,서울특별시 동작구 만양로3길 80,상도동
427,119900300,20973,수도여고,126.91525130149999,37.4935547507,,서울특별시 동작구 신대방동 470-13,서울특별시 동작구 여의대방로10길 73,신대방동
428,119900301,20974,동작구민체육센터.기상청,126.9172420906,37.4942400994,,서울특별시 동작구 신대방동 460-18,서울특별시 동작구 여의대방로16길 61,신대방동
429,119900302,20975,동작구민체육센터.기상청,126.9171796976,37.4944139686,,서울특별시 동작구 신대방동 460-37,서울특별시 동작구 여의대방로16길 61,신대방동
430,119900303,20976,수도여고,126.91525450280001,37.4937241604,,서울특별시 동작구 신대방동 460-30,서울특별시 동작구 여의대방로10길 59,신대방동
431,119900304,20977,대방중학교,126.91457615440001,37.495531285,,서울특별시 동작구 신대방동 470-8,서울특별시 동작구 여의대방로10길 24,신대방동
432,119900305,20978,정금마을,126.98121764870001,37.4938386664,,서울특별시 동작구 동작동 333-6,서울특별시 동작구 동작대로 171,동작동
433,119900290,20979,경동아파트,126.9537175431,37.509484142699996,,서울특별시 동작구 본동 132-2,서울특별시 동작구 노량진로32길 156,본동
434,119900289,20980,동양중학교,126.9548036777,37.5091142107,,서울특별시 동작구 본동 126-450,서울특별시 동작구 매봉로6길 16,본동
435,119900288,20981,극락정사,126.95180567860001,37.5080479239,,서울특별시 동작구 본동 481-5,서울특별시 동작구 매봉로4길 1,본동
436,119900286,20983,흑석역,126.9623337625,37.5091060385,,서울특별시 동작구 흑석동 108-4,서울특별시 동작구 흑석로 124,흑석동
437,119900285,20984,중앙대병원,126.9603641787,37.5074356533,,서울특별시 동작구 흑석동 224-1,서울특별시 동작구 흑석로 95-1,흑석동
438,119900284,20985,상도역1번출구,126.94783692930001,37.5025855614,,서울특별시 동작구 상도1동 742-3,서울특별시 동작구 상도로 278,상도1동
439,119900282,20988,상도3동주민센터,126.9298933823,37.4995035166,,서울특별시 동작구 대방동 336-5,서울특별시 동작구 상도로 84,대방동
440,119900283,20989,양녕공영주차장,126.9358311667,37.4968639565,,서울특별시 동작구 상도동 275,서울특별시 동작구 성대로12길 17,상도동
441,119900280,20990,두산위브아파트,126.97087545459999,37.484877791,,서울특별시 동작구 사당동 산 25-33,서울특별시 동작구 사당로13길 31,사당동
442,119900279,20995,보라매역.동작세무서,126.920229403,37.497992545100004,,서울특별시 동작구 신대방동 381-1,서울특별시 동작구 여의대방로 122,신대방동
443,119900275,20997,신남성초교입구,126.96454057950001,37.4877091329,,서울특별시 동작구 사당동 산 32-107,서울특별시 동작구 사당로2차길 2,사당동
444,119900276,20998,삼호.오네뜨아파트,126.9653451099,37.4866037163,,서울특별시 동작구 사당동 산 32-109,서울특별시 동작구 사당로2가길 188,사당동
445,119900277,20999,사당5동주민센터,126.967427643,37.4849760124,,서울특별시 동작구 사당동 산 32-93,서울특별시 동작구 솔밭로 98,사당동
446,120900167,21908,신한은행앞.롯데백화점,126.92424067559999,37.4904808847,,서울특별시 동작구 신대방동 395-68,서울특별시 동작구 보라매로5가길 24,신대방동
447,121000314,22396,동작대교전망카페,126.9802792405,37.5057628053,,서울특별시 동작구 동작동 316-3,서울특별시 동작구 동작대로 335,동작동
